1,abdomen n. 腹，下腹 ( 胸部到腿部的部分 ) 
2,abide vi.(abode ， abided)(by) 遵守；坚持  
3,abound vi. 大量存在； (in ， with) 充满，富于  
4,absence n. 缺乏，不存在；缺席，不在；缺席的时间  
5,"absent a. 缺席的；缺乏的 , 不存在的 ; 心不在焉的  "
6,abundance n. 丰富，充裕，大量  
7,academic a. 学院的，大学的；学术性的；理论的  
8,academy n.( 高等 ) 专科院校；学术社团，协会，研究院
9,accelerate v. 使加速，使增速，促进  vi. 加快，增加  
10,"accessory n. 附件 , 附属品 ;( 为全套衣服增加美感的 ) 服饰"
11,accidental a. 偶然的；意外的；无意中的  
12,acclaim v. 向 … 欢呼，公认  n. 欢呼，喝彩，称赞  
13,accompany v. 陪伴，陪同；伴随，和 ... 一起发生，伴奏  
14,accomplish v. 实现 ( 计划等 ) ；达到 ( 目的 ) ；完成 ( 任务 ) 
15,accordance n. 一致，和谐，符合  
16,according to prep. 据 / 照 …( 所说、所写 ) ；按 … ，视 … 
17,accordingly ad. 相应地，照着办，按照；于是，因此  
18,account a. 叙述，说明；账目，账户  vi. 说明，解释  
19,accountant n. 会计人员，会计师  
20,accustomed a. 惯常的；习惯的，适应的 ( 一般作表语 ) 
21,acquaint vt.(with) 使认识，使了解，使熟悉  
22,acquaintance n. 认识，相识，了解；相识的人，熟人  
23,acquisition n. 取得，学到，养成 ( 习惯 ) ；获得的东西  
24,acre n. 英亩；田地；地产  
25,acrobat n. 特技演员，杂技演员  
26,activate vt. 启动，激活；驱动，驱使；使开始起作用  
27,active adj. 活跃的，敏捷的，积极的；在活动中的  
28,acute a. 剧烈的；敏锐的；成锐角的；尖的，高音的
29,adhere vi.(to) 粘着；坚持，遵守；依附，追随  
30,adjacent a.(to)( 时间上 ) 紧接着的；邻近的，毗邻的  
31,adjective n. 形容词  a. 形容词的，用作形容词的  
32,administer v. 施行，实施；掌管，料理 ... 的事务；给予  
33,adolescent n. 青少年  a. 青春期的，青少年的  
34,adopt vt. 采用，采取 ( 态度等 ) ；选定；收养  
35,"adore vt. 崇拜 , 敬慕 , 爱慕；非常喜欢  "
36,advent n.( 重要事件等的 ) 到来，来临  
37,adverb n. 副词  a. 副词的  
38,adverse a. 逆的，相反的；敌对的；不利的；有害的  
39,advertise vt. 公告，公布；为 ... 做广告  vi. 登广告  
40,advisable a. 可取的，适当的，明智的  
41,advocate n. 辩护者，拥护者，鼓吹者  vt. 拥护，提倡  
42,aerial a.( 在或来自 ) 空中的，航空的  n. 天线  
43,aeroplane n.(airplane)( 英 ) 飞机  
44,aesthetic a.(esthetic) 美学的，艺术的；审美的  
45,affair n.[pl.] 事务；事情 ( 件 ) ； ( 个人的 ) 事  
46,affection n. 爱，喜爱；爱慕之情；感情；疾病，不适  
47,affiliate v. 使隶属 ( 或附属 ) 于  n. 附属机构，分公司  
48,"affirm vt. 断言，坚持声称；肯定；证实 , 确认；  "
49,affluent a. 富裕的，富有的，丰富的，富饶的  
50,agenda n. 议事日程，记事册  
51,agent n. 代理人；代理商；产生作用的人或事物  
52,"aggravate vt. 加重 ( 剧 ), 使恶化；激怒 , 使恼火  "
53,aggressive a. 侵略的，好斗的，有进取心的，敢作敢为的
54,agitate v. 摇动 ( 液体 ) ；使焦虑不安；困扰；鼓动  
55,agreeable a. 符合的；一致的；欣然同意的；令人愉快的
56,agreement n. 协定；协议；契约；达成协议；同意，一致
57,agriculture n. 农业，农艺，农耕  
58,aircraft n. 飞机，飞船，飞行器  
59,aisle n.( 教堂、教室、戏院等里的 ) 过道，通道  
60,allege v. 断言，宣称；指控  
61,alleviate v. 减轻，缓和，缓解 ( 痛苦等 ) 
62,alliance n. 同盟，同盟国；结盟，联姻  
63,allocate v. 分配，分派；拨给；划归  
64,alloy n. 合金 vt. 将 … 铸成合金  
65,ally n. 同盟者，同盟国， vt. 使结盟；与 … 有关联  
66,alongside ad. 在旁边  prep. 和 ... 在一起；在 ... 旁边  
67,alphabet n. 字母表；初步，入门  
68,altitude n. 高度，海拔； [pl.] 高处，高地  
69,altogether ad. 完全，总之，全部地；总共；总而言之  
70,aluminum n.(aluminium) 铝  
71,amateur a.&n. 业余 ( 水平 ) 的 ( 运动员、艺术家等 ) 
72,ambassador n. 大使；特使， ( 派驻国际组织的 ) 代表  
73,ambiguous a. 引起歧义的，模棱两可的，含糊不清的  
74,ambulance n. 救护车，救护船，救护飞机  
75,amend vt. 修改，修订，改进  
76,amiable a. 和蔼可亲的，友善的，亲切的  
77,amid prep. 在 … 中间，在 … 之中，被 … 围绕  
78,amplifier n. 放大器，扩大器  
79,analogue n. 类似物；相似体；模拟  
80,analogy n. 类似，相似，类比，类推  
81,analyse vt. （ analyze ）分析，分解  
82,analysis n.(pl.analyses) 分析；分解  
83,analytic a.(analytical) 分析的；分解的  
84,anchor n./v. 锚；危难时可依靠的人或物；用锚泊船  
85,anecdote n. 轶事，趣闻，短故事  
86,anger n. 愤怒，气愤  vt. 使发怒，激怒  vi. 发怒  
87,angle n. 角，角度  v. 钓鱼； ( 采用各种方法）取得  
88,anguish n.( 尤指心灵上的 ) 极度痛苦，烦恼  
89,ankle n. 足踝，踝关节  
90,anniversary n. 周年，周年纪念日  
91,anonymous a. 匿名的，无名的，姓氏不明的  
92,antenna n.( 无线电或电视的 ) 天线  
93,anticipate vt. 预料；期望；预先考虑；抢先；提前使用  
94,antique a. 古式的，过时的  n. 有价值的古物，古董  
95,anxiety n. 挂念，焦虑，焦急，忧虑；渴望，热望  
96,anyhow ad. 不管怎么说，无论如何；不论用何种方法  
97,anywhere ad. 无论哪里； ( 用于否定、疑问等 ) 任何地方  
98,appal v. 使惊骇，使恐怖  
99,apparatus n. 器械，器具，仪器；机构，组织  
100,"apparent a. 表面上的 , 貌似真实的；显然的 , 明明白白的"
101,appendix n. 附录，附属物；阑尾，盲肠  
102,appetite n. 食欲，胃口；欲望，性欲；爱好，趣味  
103,applaud vt. 鼓掌欢迎；赞同  vi. 鼓掌欢迎，欢呼  
104,applause n. 鼓掌；喝彩；夸奖，赞扬  
105,appliance n. 电器；器械，装置；应用，适用  
106,"applicable a. 可应用 ( 实施 ) 的；适当的 , 合适的  "
107,application n. 申请，请求，申请书；应用，实施，实用性
108,appraisal n. 对 ... 作出的评价；评价，鉴定，评估  
109,approximate a. 近似的  vi.(to) 接近  
110,April ( 名 ) 四月  
111,apt a. 恰当的，适当的；易于 … 的，有 … 倾向的  
112,arbitrary a. 任意的，任性的，主观的；专断的，武断的  
113,arch n. 拱门，桥拱洞  v. 拱起， ( 使 ) 变成弓形  
114,architect n. 建筑师；设计师；缔造者；创造者  
115,architecture n. 建筑，建筑学；建筑式样或风格，建筑物  
116,arise v. 出现，发生； (from) 由 … 引起，由 … 产生  
117,arouse vt. 唤醒，叫醒；唤起，激起  
118,array n. 大量；排列；盛装  v. 列阵；装扮；排列  
119,arrogant a. 傲慢的，自大的  
120,arrow n. 箭，矢，箭状物；箭头符号  
121,artery n. 动脉；干线，要道  
122,articulate a. 善于表达的；有关节相连的  v. 清楚地讲话  
123,ascend vi. 渐渐上升，升高 vt. 攀登，登上  
124,ascertain vt. 确定，查明，弄清  
125,ashamed a. 惭愧的，羞耻的，害臊的  
126,ashore ad. 上岸；在岸上，向岸上  
127,"aspect n. 样子 ,  外表 ,  面貌 , ( 问题等的 ) 方面  "
128,assassinate vt. 暗杀，行刺；中伤  
129,assault v. 猛烈地攻击，袭击  n. 突然而猛烈的攻击  
130,assemble vt. 集合，召集；装配；收集  vi. 集合，聚集  
131,assembly n. 集合；会议；装配； ( 美 ) 洲议会的众议院  
132,assimilate vt. 吸收，消化；使同化  vi. 被吸收；被同化  
133,assistant a. 帮助的，辅助的  n. 助手，助教；辅助物  
134,associate vt. 联想；交往；联合； n. 伙伴； a. 联合的  
135,association n. 联盟，协会，社团；交往，联合；联想  
136,astronaut n. 太空人，太空旅行者  
137,astronomy n ．天文学  
138,atmosphere n. 大气 ( 层 ) ；空气；气氛，环境；大气压  
139,atom n. 原子；微粒，微量  
140,attorney n.( 业务或法律事务上的 ) 代理人；辩护律师  
141,auction n. ／ vt. 拍卖  
142,audio n./a. 音频 ( 响 )( 的 ) ；声音 ( 的 ) ，听觉 ( 的 ) 
143,audit v. 审计；查帐；核对；旁听  
144,auditorium n. 观众席，听众席；会堂，礼堂  
145,augment vt.( 使 ) 增大，增加，增长，扩张  
146,August n.8 月  
147,aural a. 听觉的，听力的  
148,authentic a. 真的，真正的；可靠的，可信的，有根据的  
149,auto n.(automobile)( 口语 ) 汽车  
150,automatic a. 自动 ( 装置 ) 的；无意识的； n. 自动机械  
151,automation n. 自动，自动化，自动操作  
152,autonomy n. 自治，自治权；  
153,auxiliary a. 辅助的，支援的  n. 辅助者，辅助设备  
154,"avail n.[ 一般用于否定句或疑问句中 ] 效用 , 利益  "
155,avenue n. 林荫路，大街； ( 比喻 ) 途径，渠道，方法  
156,avert v. 防止，避免   ；转移 ( 目光、注意力等 ) 
157,aviation n. 航空，航空学；飞机制造业  
158,await vt. 等候，期待； ( 事情等 ) 降临于  
159,"award vt. 授予 , 给予；判定  n. 奖 , 奖金；仲裁  "
160,awe n. 敬畏，惊惧 vt. 使敬畏，使惊惧  
161,awkward a. 笨拙的；尴尬的；使用不便的；难处理的  
162,axe n. （ ax ）斧子；削减  vt. 用斧砍  
163,axis n. 轴，轴线，中心线；坐标轴，基准线  
164,bachelor n. 单身汉 ;( 亦作 b-) 学士 ( 学位 ) 
165,"backward a. 向后的 , 倒行的 ; 迟钝的  ad. 向后 , 朝反方向  "
166,bacterium n.(pl.)bacteria  细菌  
167,"badge n. 徽章 , 像章；标记；象征；记号  "
168,badminton n. 羽毛球  
169,balcony n. 阳台； ( 电影院等的 ) 楼厅，楼座  
170,"bald a. 秃的 , 秃头的  "
171,ballet n. 芭蕾舞，芭蕾舞剧；芭蕾舞团  
172,ballot n.( 不记名 ) 投票；投票总数；投票权  vi. 投票  
173,banner n. 旗 ( 帜 ) 
174,banquet n.( 正式的 ) 宴会  vi. 参加宴会  vt. 宴情  
175,"bar n. 条 , 杆 , 闩 ; 酒吧 ; 栅 , 障碍 ( 物 ) v. 闩上 , 阻拦  "
176,barbecue n. 烤肉；烤肉用的台架  vt. 炙烤 ( 肉等 ) 
177,barber n. 理发师  
178,"bare a. 赤裸的 , 空的 ; 稀少的 , 仅有的  v. 露出 , 暴露  "
179,bark vi.( 狗等 ) 吠，叫 n. 吠声，叫声；树皮  
180,"barn n. 谷仓 , 仓库  "
181,"barrel n. 桶 ; 枪管 , 炮管  "
182,barren a. 贫瘠的；不育的； ( 植物 ) 不结果的；无用的  
183,"barrier n. 栅栏 , 屏障 ; 障碍 ( 物 ) "
184,"basin n. 盆 , 脸盆 ; 内海 , 盆地  "
185,"bat n. 球拍 , 球棒 , 短棒 ; 蝙蝠  "
186,"batch n. 一批 , 一组 , 一群  "
187,"bathe v. 游泳 , 洗澡 , 浸 , 弄湿  "
188,battery n. 电池 ( 组 ) ； ( 器具等的 ) 一组，一套；炮兵连  
189,"bay n. 海湾 ,( 港 ) 湾  "
190,"beam n.( 横 ) 梁 , 桁条 ;( 光线的 ) 束 , 柱  v. 微笑  "
191,"bean n. 豆 ; 菜豆 , 蚕豆  "
192,beard n. 胡须  
193,bearing n. 轴承；忍受；关系，影响；举止；方向  
194,"beast n. 兽 , 牲畜 ; 凶残的人 , 举止粗鲁的人  "
195,"beforehand ad. 预先 , 事先  "
196,"bell n. 钟 , 铃  "
197,belly n. 肚子，腹部； ( 像肚子一样 ) 鼓起的部分，膛  
198,"beloved a./n. 受爱戴的 , 敬爱的 ; 爱人 , 被心爱的人  "
199,"bench n. 长凳 , 条凳 ;( 工作 ) 台 , 座  "
200,"bend v.( 使 ) 弯曲 ; 屈从 , 屈服  n. 弯曲 ( 处 ), 曲折处  "
201,"beneath prep. 在 … 下边 , 在 … 之下  ad. 在下方  "
202,beverage n.( 水，酒等之外的 ) 饮料  
203,"beware v. 当心 , 谨防  "
204,"bewilder v. 使迷惑 , 难住  "
205,"bias n./v.( 使有 ) 偏见 , 偏心 , 偏袒  "
206,bible n. 圣经  
207,bibliography n.( 有关某一专题的 ) 书目；参考书目  
208,"bid v. 祝愿 ; 命令 , 吩咐 ; 报价 , 投标  n. 出众 , 投标  "
209,"billion num./n.( 美 ) 十亿 ,( 英 ) 万亿  "
210,bin n.( 贮藏食物等用的 ) 箱子  
211,"bind v. 捆 , 绑 , 包括 , 束缚  "
212,biography n. 传记；传记文学  
213,biology n. 生物学  
214,bizarre adj. 异乎寻常的，稀奇古怪的  
215,blackmail n. 讹诈，敲诈，勒索；胁迫，恫吓  
216,blade n. 刀刃，刀片；桨叶；草叶，叶片  
217,blast n. 一阵 ( 风 ); 爆炸冲击波 ; 管乐器声  v. 爆炸  
218,"blaze n. 火焰 ; 火光 ; 闪光 , 光辉  v. 燃烧 , 冒火焰  "
219,bleak a. 荒凉的 ; 冷酷的 ; 没有希望的  
220,"blend n. 混合 ( 物 ) v. 混和 , 混杂  "
221,"block n. 大块木（石）料 ; 街区 ; 障碍物  v. 阻塞 , 拦阻"
222,blossom n. 花 ( 簇 ) ；花期；青春  vi. 开花；展开；繁荣
223,blouse n. 女衬衣，短上衣，宽阔的罩衫  
224,blueprint n. 蓝图，设计图，计划  vt. 制成蓝图，计划  
225,blunder v.( 因无知等而 ) 犯大错 ; 踉踉跄跄地走  n. 大错
226,blunt a. 率直的 ; 钝的  v.( 使 ) 钝 ;( 使 ) 迟钝  
227,blur n. 模糊不清的事物；污点  vt. 使模糊；玷污  
228,blush v./n. 脸红  
229,"boast v.(of,about) 自夸 , 夸耀  n. 自夸 , 大话  "
230,"bold a. 大胆的 , 勇敢的 ; 冒失的 ; 黑体的 , 粗体的  "
231,"bolt n. 螺栓 ,( 门 , 窗的 ) 插销  v. 闩 ( 门 ), 关窗 , 拴住  "
232,"bomb n. 炸弹  v. 投弹于 , 轰炸  "
233,"bond n. 结合 ( 物 ), 粘结 ( 剂 ), 联结 ; 公债 , 债券 , 契约  "
234,boot n. 靴； ( 汽车后部的 ) 行李箱； [the-] 解雇  
235,"bore v. 钻 ( 孔 ), 挖 ( 洞 ); 烦扰  n. 讨厌的人 , 麻烦事  "
236,bosom n. 胸，胸部；胸怀；内心； a. 亲密的  
237,"bounce n./vi.( 球 ) 弹起 , 弹回；弹起 , 跳起； n. 弹力  "
238,bound v./n. 跳 ( 跃 ) a. 被束缚的，一定的； n. 界限  
239,"bow v./n. 鞠躬 , 点头  n. 弓 ( 形 ); 蝴蝶结  "
240,bowel n. 肠；   ［ pl. ］内部，深处  
241,"bowl n. 碗 ( 状物 ), 钵  "
242,bowling n. 保龄球运动  
243,"boycott n./v.( 联合 ) 抵制 , 拒绝参与  "
244,"brace v. 使防备 ; 支撑 ; 使 ( 手 , 足 , 肩等 ) 绷紧  n. 托架  "
245,bracket n.( 方 ) 括号  
246,"brake v./n. 制动 ( 器 ), 闸 , 刹车  "
247,"brand n. 商标 , 标记 , 牌子  v. 使铭记 ; 打火印 , 打烙印  "
248,brandy n. 白兰地酒  
249,"brass n. 黄铜 , 铜器  "
250,breach n. 违反，不履行；破裂  vt. 冲破，攻破  
251,"breadth n. 宽度 , 幅  "
252,break vt. 打破；中止；违反  vi. 破 ( 裂 ) n. 休息时间
253,"breast n. 胸膛 , 乳房  "
254,breeze n. 微风；轻而易举的事  vi. 来去匆匆，急速走
255,"bribe n. 贿赂  v. 向 … 行贿 , 买通  "
256,brick n. 砖块，砖； v. 用砖围砌，用砖填补  
257,bride n. 新娘  
258,briefcase n. 手提箱，公事皮包  
259,"brilliant a. 光辉的 , 灿烂的 ; 卓越的 , 有才华的  "
260,"brim n. 边缘 , 帽沿  "
261,brisk a. 轻快的 ; 生气勃勃的 ; 兴隆的  
262,brittle a. 易碎的；脆弱的；冷淡的； ( 声音 ) 尖利的  
263,bronze n. 青铜；青铜色，古铜色；青铜制品，铜牌  
264,brook n. 小溪 vt.[ 常用于否定句或疑问句 ] 容忍  
265,broom n. 扫帚  
266,brow n. 眉 ( 毛 ); 额  
267,"brown n./a. 褐色 ( 的 ), 棕色 ( 的 ) "
268,browse vi. 随意翻阅，浏览； ( 牛、羊等 ) 吃草  
269,bruise n. 青肿，挫伤；伤痕 vt. 打青；挫伤  
270,brutal a. 残忍的 ; 严峻的 ; 严酷的  
271,"bubble n. 泡 , 水泡 , 气泡  v. 冒泡 , 起泡 , 沸腾  "
272,"bucket n. 水桶 , 吊桶  "
273,buffet n. 自助餐  
274,bug n. 臭虫 ; 小毛病 ; 窃听器  v. 窃听  
275,"bulb n. 灯泡 , 球状物  "
276,"bulk n. 体积 , 容积 ; 主体 , 大批 , 大量 , 大块  "
277,bull n. 公牛  
278,"bulletin n. 公报 , 公告 , 告示  "
279,bully n. 恃强欺弱者，小流氓  vt. 威胁，欺侮  
280,"bump v.(against,into) 碰 ; 颠簸着前进  n. 碰撞  "
281,"bunch n.( 一 ) 簇 , 束 , 捆 , 串  "
282,"bundle n. 捆 , 包 , 束  "
283,"bureau n. 署 , 局 , 司 , 处  "
284,bureaucracy n. 官僚主义，官僚机构； ( 非民选的 ) 委任官员
285,burglar n.( 入室行窃的 ) 盗贼  
286,"burst v. 爆裂 , 炸破 ; 突然发生  n. 突然破裂 , 爆发  "
287,"butcher n. 屠夫 , 卖肉者  "
288,bypass n.(by-pass) 旁道； vt. 绕过  
289,cab n. 出租车，出租马车；驾驶室  vi. 乘出租马车
290,"cabbage n. 洋白菜 , 卷心菜  "
291,"cabin n. 客舱 , 机舱 ; 小 ( 木 ) 屋  "
292,cabinet n. 内阁，内阁会议； ( 带玻璃门存物品的 ) 橱柜
293,"cable n. 电报 ; 电缆 ; 缆 , 索 , 钢丝绳  v. 拍电报  "
294,cafeteria n. 自助食堂  
295,cage n. 鸟笼  
296,calcium n. 钙 ( 化学符号 ca) 
297,calorie n. 卡路里 ( 食物所产生的热量或能量单位 ) 
298,camel n. 骆驼  
299,campaign n. 战役 ; 运动  
300,canal n. 运河 ;( 沟 ) 渠  
301,"cannon n. 大炮 , 火炮  "
302,"canoe n. 独木舟 , 小游艇  "
303,canteen n.( 工厂、办公室等 ) 食堂或小卖部  
304,canvas n. 帆布；帆布画布， ( 帆布 ) 油画  
305,"cap n. 便帽 , 军帽 ; 盖 , 罩 , 套  v. 覆盖于 … 顶端  "
306,cape n. 海角，岬；披肩，短披风  
307,"capital n. 首都 ; 大写字母 ; 资本  a. 主要的 , 大写字母的"
308,capitalism n. 资本主义  
309,capsule n. 胶囊 ; 太空舱  
310,"captain n. 首领 , 队长 ; 船长 ; 上尉  v. 做 … 的首领 , 指挥  "
311,"captive n. 俘虏  a. 被俘虏的 , 被监禁的  "
312,carbohydrate n. 碳水化合物 ;  糖类； (plural) 淀粉质或糖类
313,carbon n. 碳  
314,cardinal n.( 天主教的 ) 红衣主教  a. 首要的，基本的  
315,caress vt. ／ n. 爱抚，抚摸  
316,"cargo n. 船货 , 货物  "
317,"carpenter n. 木工 , 木匠  "
318,carriage n.( 四轮 ) 马车 ;( 火车 ) 客车厢  
319,carrier n. 搬运人 ; 载体  
320,carrot n. 胡萝卜  
321,"cart n.( 二轮货运 ) 马车 , 手推车  "
322,carve v.( 雕 ) 刻  
323,cassette n. 盒子 ; 盒式磁带  
324,casualty n. 伤亡人员；受害人；损失的东西；急诊室  
325,catalog n. （ catalogue ）目录 ( 册 ) v. 编目 ( 录 ) 
326,catastrophe n. 大灾难； ( 悲剧 ) 结局  
327,category n. 种类，部属，类目；范畴，类型  
328,"cater vi.(for/to) 满足 , 迎合 ;(for) 提供饮食及服务"
329,cathedral n. 大教堂  
330,catholic a. 天主教的  n. 天主教徒  
331,"cattle n. 牛 ; 牲口 , 家畜  "
332,caution n. 谨慎；注意 ( 事项 ) ，警告 vt. 劝 … 小心  
333,"cautious a.(of) 小心的 , 谨慎的  "
334,"cease v./n. 停止 , 中止  "
335,ceiling n. 天花板； ( 规定价格、工资等的 ) 最高限额  
336,celebrate vt. 庆祝；颂扬，赞美 vi. 庆祝，过节  
337,celebrity n. 名人，名流；著名，名声，名望  
338,"cellar n. 地窑 , 地下室  "
339,"cement n. 水泥 ; 胶泥 , 胶接剂  v. 胶合 ; 巩固 , 加强  "
340,cemetery n. 坟墓，墓地，坟场  
341,census n. 人口普查 ( 调查 ) 
342,cent n. 分 ( 币 ); 百  per cent 百分之  
343,centigrade n./a. 摄氏温度计 ( 的 ); 百分度 ( 的 ) 
344,cereal n. 加工而成的谷类食物；谷类植物，谷物  
345,certify vt. 证明，证实；发证书 ( 或执照 ) 给  
346,"chalk n. 粉笔 , 白垩  "
347,champagne n. 香槟酒；微黄色  
348,chancellor n.( 英 ) 大臣；法官； ( 德、奥 ) 总理；大学校长
349,"chaos n. 混乱 , 紊乱  "
350,chap n./v.( 皮肤 ) 变粗糙；发痛； n. 小伙子  
351,"characteristic a.(of) 特有的 , 独特的  n. 特征 , 特性  "
352,characterize v.(characterise) 表示 … 的特性 ; 描述 … 特性  
353,"charter v. 租船 , 租车 , 租用飞机； n. 宪章，特许状  "
354,"chase v./n. 追逐 , 追求  "
355,"cheek n. 面颊 , 脸  "
356,"cheese n. 干酪 , 乳酪  "
357,chef n.( 餐馆等的 ) 厨师长，厨师  
358,cherish vt. 抱有，怀有 ( 希望等 ) ；爱护，抚育；珍爱  
359,cherry n. 樱桃 ( 树 ) 
360,chess n. 棋，国际象棋  
361,"chest n. 胸腔 , 胸膛 ; 箱 , 柜  "
362,chew v. 咀嚼 ; 思量  
363,"chill n. 寒冷 , 寒气 , 寒战  v. 使寒冷  "
364,chimney n. 烟囱  
365,"chin n. 下巴 , 颏  "
366,"chop v. 砍 , 劈 , 斩  n. 排骨 , 肉块  "
367,"chorus n. 合唱队 ; 合唱  v. 异口同声地说 , 随声附和  "
368,christ n. 基督，救世主，耶稣  
369,christian n. 基督教徒  a. 基督教徒的  
370,"chronic a.( 疾病 ) 慢性的 ; 积习难改的 ; 严重的 , 坏的  "
371,cigar n. 雪茄烟  
372,"cigaret n.(cigarette) 香烟 , 纸烟 , 卷烟  "
373,"cinema n. 电影院 ; 电影 , 影片  "
374,"circuit n. 环行 , 周线 , 巡回 ; 电路 , 线路  "
375,"circular a. 圆 ( 形 ) 的 , 环形的 ; 循环的  n. 传单 , 通报  "
376,"circulate v.( 使 ) 循环 ,( 使 ) 流通  "
377,"circumference n. 圆周 , 周围  "
378,"circus n. 马戏团 , 杂技团 ; 马戏场 , 杂技场  "
379,"cite v. 引用 , 引证 , 举 ( 例 ) "
380,"clarify v. 澄清 , 阐明  "
381,"clarity n. 清晰 , 明晰  "
382,clash v./n. 碰撞  n. 碰撞声  
383,"clasp n. 扣子 , 钩子 ; 握手  v. 扣住 , 钩住 ; 紧握 , 紧抱  "
384,"clause n.( 正式文件或法律文件的 ) 条款 ; 从句 , 分句  "
385,"claw n. 爪 , 脚爪  "
386,"clay n. 粘土 , 泥土  "
387,clergy n.[ 总称 ] 牧师，神职人员  
388,click n. 滴答声； vi. 发出滴答声  
389,cliff n. 悬崖 ; 峭壁  
390,"climate n. 气候 ; 风气 , 社会思潮  "
391,"climax n. 顶点 , 高潮  "
392,cling v.(to) 粘住 ; 依附 ; 坚持  
393,"clip v. 剪 , 修剪 ; 钳 , 夹住  n. 夹 , 钳 ; 回形针  "
394,cloak n. 斗蓬，披风；掩饰，幌子 vt. 掩盖，掩饰  
395,clockwise a. 顺时针方向  
396,"cloth n.( 一块 ) 布 , 织物 , 衣料  "
397,"clothe v.( 给 …) 穿衣 , 供给 … 衣服  "
398,clothes n. 衣服 ( 虽为复数，亦不可数 ) 
399,"clothing n. 服装 , 被褥  "
400,"clumsy a. 笨拙的 , 愚笨的  "
401,"clutch v. 抓住 , 攫住 , 掌握  n. 离合器  "
402,"coal n. 煤 , 煤块  "
403,coalition n. 结合体，同盟；结合，联合  
404,"coarse a. 粗糙的 , 粗劣的 ; 粗鲁的 , 粗俗的  "
405,cocaine n. 可卡因，古柯碱（用作局部麻醉剂）  
406,"cock n. 公鸡 , 雄鸡 ; 龙头 , 开关  "
407,coherent a. 一致的，协调的； ( 话语等 ) 条理清楚的  
408,cohesive a. 粘合性的，有结合力的  
409,"coil v. 卷 , 盘绕  n.( 一 ) 卷 ,( 一 ) 圈 ; 线圈 , 绕组  "
410,coincide vi. 同时发生；巧合；一致；相符；  
411,coincidence n. 巧合；同时发生，共同存在；符合，一致  
412,coke n. 焦炭；可口可乐（ coca-cola ）的缩写  
413,collaborate vi. 协作，合作； ( 与敌人 ) 勾结  
414,collar n. 衣领 ; 环状物  
415,"collective n. 集体  a. 集体的 , 共同的  "
416,collide vi.[with] 互撞，碰撞；冲突，抵触  
417,colonel n.( 陆军 ) 上校  
418,"column n. 圆柱 , 柱状物 ; 列 ;( 报刊中的 ) 专栏  "
419,comb n. 梳子  v. 梳 ( 理 ) 
420,commemorate vt. 纪念，庆祝  
421,commence vt. 开始  vi. 获得学位  
422,commend v. 称赞，表扬：委托保管；推荐  
423,"comment n. 注释 , 评论 , 意见  v.(on) 注释 , 评论  "
424,commerce n. 商业，贸易；交际，交往  
425,"commission n. 委员会 ; 委任 , 委托 ( 书 ), 代办 ; 佣金 , 手续费  "
426,commodity n.(pl.) 日用品；商品；农 / 矿产品；有用之物
427,"commonwealth n. 共和国 , 联邦 , 共同体  "
428,"compact a. 紧密的 , 结实的 ; 简明的  v. 使紧凑 , 压缩  "
429,"comparison n. 比较 , 对比 , 比喻 , 比拟  "
430,"compartment n. 卧车包房 ,( 客车车厢内的 ) 隔间 ; 分隔的空间"
431,"compass n. 罗盘 , 指南针 ;(pl.) 圆规  "
432,compassion n. 同情；怜悯 (for) 
433,"compatible a. 能和睦相处的 , 合得来的 ; 兼容的  "
434,"compensate v.(for) 补偿 , 赔偿  "
435,compensation n. 补偿 ( 或赔偿 ) 的款物；补偿，赔偿  
436,complement n. 补足物，船上的定员；补语  vt. 补充，补足
437,"complete a. 完全的 , 圆满的  v. 完成 , 结束 , 使完满  "
438,"compliment n.(pl.) 问候 , 致意  n./v. 称赞 , 恭维  "
439,comply v.(with) 遵照，照做，应允；顺从，服从  
440,"component n. 组成部分 , 成分 , 元件  a. 组成的 , 合成的  "
441,"compose v. 组成 , 构成 ;(of) 由 … 组成 ; 创作 ( 诗歌等 ) "
442,composite a. 混合成的，综合成的 n. 合成物，复合材料  
443,"composition n. 作品 , 作文 , 乐曲 ; 作曲 ; 结构 , 组成 , 成分  "
444,"compound n. 混合物 , 化合物  a. 混合的 , 化合的； vt. 混合"
445,compromise n. 妥协，折衷 vi. 妥协 vt. 危及，放弃 ( 原则等 )
446,compulsory a. 必须做的，强制性的， ( 课程 ) 必修的  
447,"comrade n. 同志 , 同事 , 同伴 , 朋友  "
448,"conceal v. 隐藏 , 隐瞒 , 隐蔽  "
449,concede vt. 承认；容许； ( 比赛结束前 ) 认输；退让  
450,"conceive v.(of) 设想 , 构思 , 想象 ; 以为 ; 怀胎 , 怀有  "
451,concerning prep. 关于，论及  
452,"concert n. 音乐会 , 演奏会 ; 一齐 , 一致  "
453,concession n. 让步，妥协；特许 ( 权 ) ；  
454,"concise a. 简明的 , 简洁的  "
455,"concrete a. 具体的 , 实质性的 n. 混凝土  v. 用混凝土修筑"
456,confer v. 商讨；授予，颁给 ( 勋衔，学位等 ) 
457,"confidence n.(in) 信任 ; 信心 , 自信 ; 秘密 , 机密  "
458,"confident n.(of,in) 确信的 , 自信的  "
459,confidential a. 秘 ( 机 ) 密的；表示信任的；担任机密工作的
460,confine vt. 限制；使不外出，禁闭 n.[pl.] 界限，范围
461,conform vi.(to) 遵守，适应；相似，一致，符合  
462,conjunction n. 接合，连接，联合；连 ( 接 ) 词  
463,conquest n. 征服，征服地，掠取物  
464,"conscience n. 良心 , 良知  "
465,conscientious a. 审慎正直的，认真的，本着良心的  
466,consecutive a. 连续的；连贯的；顺序的  
467,consensus n.( 意见等的 ) 一致，一致同意，共识  
468,"consent v./n.(to) 同意 , 赞成 , 答应  "
469,consequently ad. 结果，因此，所以  
470,"conservative a. 保守的 , 守旧的  n. 保守主义者  "
471,"considerable a. 相当大 ( 或多 ) 的 , 可观的 ; 值得考虑的  "
472,"considerate a. 考虑周到的 , 体谅的  "
473,"consideration n. 需要考虑的事 , 理由 ; 考虑 , 思考 ; 体谅 , 照顾  "
474,"consist v.(in) 在于 , 存在于 ;(of) 由 … 组成 , 由 … 构成  "
475,consistent a.(in) 前后一致的；   （ with ）一致，符合  
476,console n. 控制台，仪表板；落地柜  vt. 安慰，慰问  
477,"conspicuous a. 显眼的 , 明显的  "
478,conspiracy n. 阴谋，密谋，共谋  
479,"constant a. 固定的，持续的 , 忠实的  n. 常数 , 恒量  "
480,"contact v./n.( 使 ) 接触 , 联系 , 交往  "
481,"contaminate v. 弄污 , 弄脏 , 毒害 , 传染 , 染污  "
482,contemplate vt. 盘算，计议；周密考虑；注视，凝视  
483,"contemporary a. 现代的 , 当代的 ; 同时代的  "
484,contempt n. 轻视，藐视；受辱，丢脸  
485,"contend v. 竞争 , 斗争 ; 坚决主张  "
486,context n. （文章等）前后关系； ( 事件等发生的 ) 背景
487,"continent n. 大陆 , 洲  "
488,"contradict v. 反驳 ; 同 … 矛盾 , 同 … 抵触  "
489,contradiction n. 反驳，否认；矛盾，不一致  
490,contrive vt. 谋划，策划；设法做到；设计，想出  
491,"convention n. 大会 , 会议 ; 惯例 , 常规 , 习俗 ; 公约 , 协定  "
492,"conventional a. 惯例的 , 常规的  "
493,conversion n. 转变，转换；信仰的改变；  
494,"convict v.( 经审讯 ) 证明 … 有罪 , 宣判 … 有罪  n. 囚犯  "
495,"conviction n. 深信 , 确信；定罪，判罪；  "
496,"convince v.(of) 使信服 , 使确信  "
497,"coordinate a. 同等的 , 并列的 ; 坐标的  n. 坐标  "
498,"coordinate a. 同等的  n. 同等者 , 坐标  vt. 协作，协调  "
499,cop n. 警察 (slang  俚语 ) 
500,"copper n. 铜 ; 铜币 , 铜制器  "
501,"cord n. 绳 , 索  "
502,"cordial a. 诚恳的 , 亲切的 , 热诚的  "
503,"core n. 果核 ; 中心 , 核心  "
504,"corn n. 谷物 , 庄稼 , 玉米  "
505,"correlate n. 相互关联的事物  v.(with,to)( 使 ) 互相关联"
506,"correspond v. 通信 ,(with) 符合 , 一致 ;(to) 相当于 , 对应  "
507,"correspondence n. 通信 , 信件 ;(with) 符合 ;(to) 相当于 , 对应  "
508,"correspondent n. 记者 , 通讯员 ; 通信者  "
509,"corresponding a. 符合的 , 相应的 , 对应的  "
510,"corridor n. 走廊 , 通路  "
511,"corrode v.( 受 ) 腐蚀 , 侵蚀  "
512,"corrupt v. 贿赂 , 收买  a. 腐败的 , 贪污的  "
513,cosmic a. 宇宙的；无比巨大的，无穷尽的  
514,costume n.( 流行的 ) 服饰；戏装， ( 特定场合的 ) 套装  
515,cosy a. 暖和舒服的；舒适的  [ 反 ]uncomfortable 
516,"council n. 理事会 , 委员会 , 议事机构  "
517,"counsel v./n. 劝告 , 忠告  n. 法律顾问 , 辩护人  "
518,coupon n. 证明持券人有某种权利的卡片，票证，赠券
519,courtesy n. 谦恭有礼 ; 有礼貌的举止 ( 或言词 ) 
520,courtyard n. 院子，庭院，天井  
521,"crab n. 螃蟹 , 蟹肉  "
522,cradle n. 摇篮 ; 发源地  
523,"crane n. 起重机 , 鹤  "
524,"cream n. 乳脂 ,( 鲜 ) 奶油 ; 奶油色  "
525,credential n. 凭证， (pl.) 国书，证明书  
526,"creep v. 爬 , 爬行 ;( 植物 ) 蔓延  "
527,cricket n. 板球 ; 蟋蟀  
528,"cripple n. 跛子 , 残疾人  v. 使跛 , 使残疾  "
529,"crisp a. 脆的 , 易碎的 ; 简明扼要的；   （空气）清爽的  "
530,criterion n.(pl.criteria 或 criterions) 标准，尺度  
531,"crop n. 作物 , 庄稼 ;( 谷类等的 ) 一熟收成 ; 一批 , 大量"
532,"crow n. 乌鸦  v./n. 鸡啼 , 鸣叫  "
533,"crown n. 王冠 , 冕 ; 君权 , 君王  v. 为 … 加冕  "
534,"crucial a. 至关重要的 , 决定性的  "
535,"cruel a. 残忍的 , 残酷的  "
536,cruise v. 巡航；以节省燃料的速度前进  n. 乘船巡游  
537,"crush n./v. 压碎 , 压坏  v. 压服 , 压垮  "
538,"crust n. 外皮 , 壳 ; 地壳  "
539,"cube n. 立方形 , 立方体 ; 立方 , 三次幂  "
540,cucumber n. 黄瓜  
541,"cue  暗示 ,  提示 ,  球杆  "
542,curb n. 路边，场外证券市场， vt. 制止，抑制  
543,"cure v.(of) 治愈 , 医治 ; 矫正  n. 治愈 , 痊愈 ; 良药  "
544,"curl v.( 使 ) 卷曲 , 蜷缩  n. 卷发 ; 卷曲状 ; 卷曲物  "
545,"curriculum n.(pl.curricula) 课程 ,( 学校等的 ) 全部课程  "
546,"curtain n. 窗帘 , 门帘 ; 幕 ( 布 ); 结束；  vt 遮掩  "
547,"curve n. 曲线 , 弯曲 ( 物 ) v. 弄弯 , 成曲形  "
548,cyberspace n. 虚拟信息空间 ; 网络空间  
549,"cylinder n. 圆筒 , 圆锥体 ; 汽缸  "
550,"dairy n. 牛奶场 , 奶店  "
551,"dam n. 水坝 , 水闸  "
552,damn int. 该死  vt. 遣责；使失败  a. 十足的  ad. 极  
553,damp n. 潮湿  a. 潮湿的  vt. 使潮湿 ; 使衰减  
554,"dash v./n. 冲 , 猛冲 , 突进  n. 破折号  "
555,"dawn n. 黎明 , 拂晓  v. 破晓 ; 开始现出  "
556,"dazzle v. 使惊奇 , 使倾斜 ; 耀 ( 眼 ) n. 耀眼的光  "
557,deadly a. 致命的 ; 势不两立的 ;  极度的 ; 必定的  
558,dealer n. 商人  
559,dean n.( 大学 ) 院长 ; 主持牧师 ; ( 基督教 ) 教长  
560,dear a. 昂贵的  
561,"decay v./n. 腐朽 , 腐烂 ; 衰减 , 衰退  "
562,"deceit n. 欺骗 , 欺骗行为  "
563,December n. 十二月  
564,"decent a. 体面的 ; 正派的 , 合乎礼仪的 ; 合适的  "
565,"decimal a. 十进的 , 小数的 , 十进制的  n. 小数  "
566,deck n. 甲板  
567,deduct vt. 扣除 ; 演绎 ( 推理 ) 
568,"deem v. 认为 , 相信  "
569,defect n. 过失 ; 缺点 ; 不足  
570,"deficiency n. 缺乏 , 不足 ; 缺点 , 缺陷  "
571,"deficit n. 赤字 , 逆差 ; 亏损 , 亏空 ; 不足 , 缺乏  "
572,"defy v.( 公然 ) 违抗 , 反抗 ; 蔑视  "
573,"degenerate v. 衰退 , 堕落 , 蜕化  a. 堕落的  n. 堕落者  "
574,delegate n. 代表  vt. 委派 … 为代表 ; 授权 ; 委托  
575,"deliberate a. 深思熟虑的 , 故意的  vt. 研讨 , 商讨  "
576,delicate a. 纤弱的 ; 精致的 ; 微妙的 ; 灵敏的  
577,"delight n. 快乐 , 高兴  v.( 使 ) 高兴 ,( 使 ) 欣喜  "
578,"democracy n. 民主 , 民主制 , 民主国家  "
579,democratic a. 民主的  
580,denial n. 否认 ; 拒绝 ; 否认某事或某事实的声明  
581,"denote vt. 表示 , 意味着  "
582,"denounce vt. 公开指责 , 公然抨击 ; 谴责  "
583,dental a. 牙齿的；牙科 ( 用 ) 的  
584,dentist n. 牙医  
585,"depart vi. 离开 , 起程  a. 过去的 , 逝世的  "
586,"department n. 部 , 局 , 处 , 科 , 部门 ; 系 , 学部  "
587,"departure n. 离开 , 起程  "
588,"depict v. 描绘 ; 描写 , 描述  "
589,deposit v. 存放 ; 使沉淀 ; 付 ( 保证金 ) n. 存款 ; 沉积物  
590,"deprive vt. 剥夺 , 夺去 , 使丧失  "
591,"depth n. 深，深度 , 深奥 , 深刻  "
592,"deputy n. 代理人 , 代表  a. 副的 , 代理的  "
593,"descend v. 下来 , 下降 ; 遗传 ( 指财产 , 气质 , 权利 ) "
594,"descendant n. 子孙 , 后代  "
595,"descent n. 下降 , 降下 ; 斜坡 ; 血统 , 家世  "
596,"describe v. 描述 , 形容  "
597,"description n. 描写 , 形容 ; 种类  "
598,"designate v. 指明 , 指出 ; 任命 , 指派  "
599,"desirable a. 值得做的 ; 合意的 , 称心的 ; 期望得到的  "
600,desolate a. 荒凉的 ; 孤独的  v. 使荒芜  
601,despatch n./v.(dispatch) 派遣 ; 发送  n. 急件 ; 新闻报道
602,desperate a. 不顾一切的，铤而走险的；绝望的，危急的
603,"despise v. 轻视 , 蔑视  "
604,"destiny n. 命运 ; 天数 , 天命  "
605,"detain v. 耽搁 ; 扣押 , 拘留  "
606,"detect v. 察觉 , 发觉 , 侦察 , 探测  "
607,detective n. 侦探  
608,"detector n. 发现者 , 侦察器 , 探测器 , 检波器 , 检电器  "
609,"deteriorate v.( 使 ) 恶化 ,( 使 ) 变坏  "
610,"deviate v.(from) 背离 , 偏离  "
611,devil n. 魔鬼  
612,dew n. 露水  
613,diagram n. 图表 ; 图解  
614,"dial n. 钟 ( 表 ) 面 , 刻度盘 , 拨号盘  v. 拨号 , 打电话  "
615,"dialog n.(dialogue) 对话 , 对白  "
616,diameter n. 直径  
617,"diffuse v. 扩散 ; 传播  a.( 文章等 ) 冗长的 , 漫无边际的  "
618,"dignity n.( 举止 , 态度等的 ) 庄严 , 端庄 ; 尊贵 , 高贵  "
619,"dilemma n.( 进退两难的 ) 窘境 , 困境  "
620,"diligent a. 勤奋的 , 用功的  "
621,"dimension n. 尺寸 , 尺度 ; 维 ( 数 ), 度 ( 数 ) "
622,"dine v. 吃饭 , 进餐  "
623,"dip v./n. 浸 , 蘸  "
624,"diploma n. 毕业文凭 , 学位证书  "
625,"diplomatic a. 外交的 , 从事外交的 ; 策略的 , 有手腕的  "
626,"directory n. 人名地址录 ,( 电话 ) 号码簿  "
627,"dirt n. 污物 , 污垢  "
628,"dirty a. 弄脏的 ; 下流的  v. 弄脏 , 玷污  "
629,disastrous a. 灾难性的  
630,"disc n.(disk) 圆盘 , 圆面 , 盘状物  "
631,"discern v. 认出 , 发现 ; 辨别 , 识别  "
632,"discharge v./n. 卸货 , 排出 ; 发射 , 放 ( 电 ); 遣散 , 解雇  "
633,"discourse n. 论文 ; 演说 ; 谈话 ; 话语  vi. 讲述 , 著述  "
634,discreet a.( 言行 ) 谨慎的；慎重的；有判断力的  
635,discrepancy n. 相差 ; 差异 ; 矛盾 ; 
636,"dismay n./v.( 使 ) 沮丧 ;( 使 ) 惊慌 ;( 使 ) 失望 ,( 使 ) 绝望"
637,disperse v.( 使 ) 分散 ;( 使 ) 散开 ; 疏散  
638,"disposal n. 处理 , 处置 ; 布置 , 安排  "
639,"dispose v.(of) 处理 , 处置 ;(for) 布置 , 安排  "
640,"disposition n. 排列 , 部署 ; 性格倾向 ; 倾向 , 意向  "
641,disregard vt. 不理会 ; 忽视 ; 漠视  n. 忽视 ; 漠视  
642,disrupt vt. 使混乱，使崩溃，使分裂，使瓦解  
643,dissipate v. 驱散 ;( 使云、雾、疑虑等 ) 消散 ; 挥霍  
644,"dissolve v.( 使 ) 溶解 ,( 使 ) 融化 ; 解散 , 取消  "
645,distill vt. 蒸馏，用蒸馏法提取；吸取，提炼  
646,"distinct a. 清楚的 , 明显的 ;(from) 截然不同的  "
647,"distinguish v.(from) 区别 , 辨别 ; 辨认出 ; 使杰出  "
648,distress n. 苦恼 ; 危难 ; 不幸  v. 使苦恼  
649,distribute v. 分发 ; 分配 ; 分布 ; 配 ( 电 );(over) 散布  
650,"district n. 地区 , 行政区 ; 美国各州的众议院选区  "
651,"disturb v. 扰乱 , 妨碍 , 使不安  "
652,"disturbance n. 动乱 , 骚乱 , 干扰  "
653,"ditch n. 沟 , 沟渠 , 水沟  "
654,"divide v. 分 , 划分 , 分开 ; 分配 ;(by) 除  "
655,divine a. 神的，神授的，天赐的；极好的，极美的  
656,"dizzy a. 头晕目眩的 , 眩晕的 ;( 可能 ) 使人头晕的  "
657,"dock n. 船坞 , 码头  "
658,doctorate n. 博士学位 ; 博士头衔  
659,documentary a. 文献的  n. 记录片  
660,"doll n. 玩偶 , 玩具娃娃  "
661,"domain n.( 活动 , 思想等 ) 领域 , 范围 ; 领地  "
662,dome n. 圆屋顶  
663,domestic a. 家里的 ; 本国的 ; 驯养的  
664,donkey n. 驴子；蠢人；顽固的人  
665,"doom n. 厄运 , 劫数  v. 注定 , 命定  "
666,doorway n. 门口  
667,dorm n.(dormitory) ［美］   ［口］宿舍  
668,"dose n. 剂量 , 一服 , 一剂  v.( 给 …) 服药  "
669,"dot n. 点 , 圆点  v. 在 … 上打点  "
670,dove n. 鸽子  
671,doze v./n. 瞌睡 ; 假寐  
672,"dozen n. 一打 , 十二个  "
673,"draft n. 草稿 , 草案 , 草图  v. 起草 , 草拟  "
674,dragon n. 龙  
675,"drain n. 排水沟 , 阴沟 ; 消耗 , 负担  v. 排去 , 放干  "
676,"drastic a. 激烈的 , 严厉的 ;( 药性等 ) 猛烈的  "
677,draw v. 拉 ; 画 ; 汲取 ; 引出 ;(to) 挨近  n. 平局 ; 拖曳  
678,"drawback n. 欠缺 , 缺点 ; 退还的关税  "
679,drawer n. 抽屉  
680,"drawing n. 绘图 , 图样  "
681,"dread v./n. 恐惧 , 担心  "
682,"drift v./n. 漂 , 漂流 ( 物 ) "
683,drill v. 练习 ; 操练 ; 钻孔  n. 操练 ; 练习 ; 钻孔 ( 机 ) 
684,"drip v. 滴下 , 漏水  n. 滴 , 水滴 , 点滴  "
685,"drought n. 旱灾 , 干旱  "
686,"drown v. 溺死 , 淹没  "
687,drum n. 鼓 ; 圆桶  
688,dubious a. 怀疑的，无把握的；有问题的，靠不住的  
689,"dull a. 单调的 ; 迟钝的 , 愚笨的 ; 不锋利的  "
690,"dumb a. 哑的 , 无言的  "
691,"dump v. 倾倒 , 倾卸  n. 垃圾场  "
692,"duplicate n. 复制品  v. 复写 , 使加倍  a. 复制的 , 二重的  "
693,"durable a. 持久的 , 耐久的  "
694,duration n. 持久 ; 期间 ; 持续时间  
695,"dusk n. 薄暮 , 黄昏  "
696,dwarf n. 矮子，侏儒，矮小的动植物  vt. 使 … 矮小  
697,"dwell v. 住 , 居留  "
698,"dwelling n. 住宅 , 寓所  "
699,"dye n. 染料  v. 染 , 染色  "
700,"dynamic a. 动力的 , 电动的 ; 有生气的  "
701,"dynasty n. 王朝 , 朝代  "
702,eagle n. 鹰  
703,easter n. 复活节  
704,ebb vi. 衰退，减退  n. 处于低潮，处于衰退状态  
705,eccentric a. 古怪的，怪癖的，异乎寻常的 n. 古怪的人  
706,"echo v./n. 回声 , 反响 , 共鸣  "
707,"eclipse n. 日食 , 月食  "
708,ecology n. 生态学  
709,"edge n. 边 , 棱 ; 刀口 , 刃  v. 侧身移动 , 挤进  "
710,edible a. 可食用的  
711,"edit v. 编辑 , 校订  "
712,editorial n. 社论  a. 社论的；编辑上的  
713,ego n. 自我，自负，利已主义； ( 心理学 ) 自我意识
714,"eject v. 喷射 , 排出 ; 驱逐  "
715,elapse vi ． ( 时间 ) 溜走； ( 光阴 ) 逝去  
716,"elastic a. 弹性的  n. 松紧带 , 橡皮圈  "
717,elbow n. 肘， ( 衣服的 ) 肘部 vt. 用肘推，用肘挤  
718,"electrical a. 电的 , 电学的  "
719,"electrician n. 电学家 , 电工  "
720,"electricity n. 电 , 电流 ; 电学  "
721,electron n. 电子  
722,electronic a. 电子的  
723,elementary a. 初步的 ; 基本的 ;[ 化 ] 元素的 ; 自然力的  
724,"elevate vt. 举起 , 提拔 , 振奋 , 提升 ... 的职位  "
725,"elevator n. 电梯 , 升降机  "
726,eligible a. 符合条件的 ;( 尤指婚姻等 ) 合适 ( 意 ) 的  
727,"eliminate vt. 除去 ; 淘汰 ; 排 ( 删 , 消 ) 除 ; 削减 ( 人员 ) "
728,elite n.< 法 >[ 集合名词 ] 精华 ; 精锐 ; 中坚分子  
729,"eloquent a. 雄辩的 , 有说服力的 ; 善辩的 , 口才流利的  "
730,"elsewhere ad. 在别处 , 向别处  "
731,"embark v.( 使 ) 上船 ( 或飞机 , 汽车等 ); 着手 , 从事  "
732,embassy n. 大使馆 ; 大使及其随员  
733,embed vt. 把 … 嵌 ( 埋、插 ) 入，扎牢；使深留脑中  
734,"emerge vt. 显现 , 浮现 ; 暴露 ; 形成 ; "
735,"emigrate v.( 反 )immigrate;(to,from) 自本国移居他  "
736,eminent a. 显赫的 ; 杰出的 ; 有名的 ; 优良的  
737,emit vt. 发出 ; 放射 ; 吐露 ; 散发 ; 发表 ; 发行  
738,"emphasis n. 强调 , 重点  "
739,emphasize v.(emphasise) 强调  
740,"empirical a. 凭经验 ( 或观察 ) 的 , 经验主义的  "
741,"enclose v. 围住 , 圈起 , 封入  "
742,"enclosure n. 围住 , 圈起 , 封入 , 附件  "
743,encyclopedia n.(encyclopaedia) 百科全书  
744,"endeavor v./n.(endeavour) 努力 , 尽力 , 力图  "
745,endow vt. 资助，捐赠； (with) 给予，赋予  
746,"enlarge vt. 扩大 , 放大 , 增大  "
747,"enlighten v. 启发 , 启蒙 , 教导  "
748,"enormous a. 巨大的 , 庞大的  "
749,"enquire v.(inquire) 询问 , 打听 ; 调查 ; 查问  "
750,enroll v.(enrol) 招收 ; 登记 ; 入学 ; 参军 ; 成为会员  
751,entail vt. 使承担 ; 需要 ; 把 ( 疾病等 ) 遗传给 ; 限定  
752,"enterprise n. 事业 , 企 ( 事 ) 业单位 ; 事业心 , 进取心  "
753,entitle v. 给以权利 ( 或资格 ); 给 … 称号 ( 题名 ); 授权  
754,"entity n. 实体 ; 存在 ( 物 ); 组织 , 机构 ; 本质  "
755,"entrepreneur n.[ 法 ] 企业家 ,  主办人  "
756,"entry n. 进入 , 入口 ; 通道 ; 记载 , 条目  "
757,"envelope n. 信封 , 信皮 ; 封套  "
758,envisage v. 想象，设想，展望，正视  
759,"envy v./n. 羡慕 , 忌妒  "
760,episode n. 一段情节 ; 片断 ;( 连续剧的 ) 一集  
761,"epoch n. 新纪元 ; 时代 ; 时期 ; 【地质】世 , 纪 , 期  "
762,equator n. 赤道  
763,"equivalent a.(to) 相等的 , 等价的  n. 相等物 , 等价物  "
764,"era n. 时代 , 年代 , 阶段 , 纪元  "
765,erase v. 擦掉 ; 删去 ; 消磁  
766,"erect v. 树立 , 建立 , 使竖立  a. 直立的 , 垂直的  "
767,"erosion n. 腐蚀 , 磨损 ; 削弱 , 减少  "
768,"erroneous a. 错误的 , 不正确的  "
769,escalate v.( 使 ) 逐步增长 ( 或发展 ) ， ( 使 ) 逐步升级  
770,escort vt. 护送 ( 卫 ) ；陪同  n. 警卫，护送者；仪仗兵
771,estate n. 房地产 ; 不动产 ; 所有权 ; 地位 ; 生活状况  
772,esteem n. 尊敬，尊重  vt. 尊重，敬重；把 … 看作  
773,evacuate vt. 撤离，疏散，排泄，剥夺  
774,evade vt. 逃避，回避；避开，躲避  
775,"evaporate v. 蒸发 , 挥发 ; 沉淀 ; 发射 ; 消失  "
776,"eve n.( 节日等的 ) 前夜 , 前夕  "
777,evoke vt. 唤起 ( 回忆、感情等 ) ；引起  
778,"exceed v. 超过 , 胜过 ; 越出  "
779,"exceedingly ad. 极端地 , 非常  "
780,excel vi. 胜过其他 ; 擅长  vt. 胜过，优于  
781,excerpt n./vt. 摘录 ; 引用  
782,"excursion n. 短途旅行 , 游览 ; 离题 ;[ 物理 ] 偏移 , 漂移  "
783,execute v. 实行 ; 实施 ; 执行 ; 完成 ; 履行 ; 处死  
784,"executive n. 总经理 , 董事 , 行政负责人  a. 执行的 , 实施的"
785,exempt a. 免除的  v. 免除  n. 免税者 ; 被免除义务者  
786,"exert v. 尽 ( 力 ), 施加 ( 压力等 ), 努力  "
787,exile n. 流放；被流放者  vt. 流放，放逐，把 … 充军
788,exotic a. 奇异的 ; 异国情调的 ; 外 ( 国 ) 来的  
789,"expand v.( 使 ) 膨胀 ,( 使 ) 扩张 ; 张开 , 展开  "
790,"expansion n. 扩张 , 膨胀 ; 张开 , 伸展  "
791,"expedition n. 远征 ( 队 ), 探险 ( 队 ) "
792,expel v. 把 … 开除 ; 驱逐 ; 排出 ; 发射  
793,"expend v. 消费 , 花费  "
794,"expenditure n. 花费 ;( 时间 , 金钱等的 ) 支出 , 消耗  "
795,"expensive a. 花费的 , 昂贵的  "
796,"expertise n. 专门知识 ( 或技能等 ), 专长  "
797,"expire v. 期满 ,( 期限 ) 终止 ; 呼气 ; 断气 , 死亡  "
798,"explicit a. 详述的 , 明确的 ; 坦率的 ; 显然的  "
799,exploit v. 开拓 ; 开发 ; 剥削  n. 功绩 [ 勋 ]; 业绩  
800,exquisite a. 优美的，高雅的，精致的；剧烈的，异常的
801,"extensive a. 广大的 , 广阔的  "
802,"extent n. 广度 , 宽度 , 长度 ; 程度 , 限度  "
803,"exterior a. 外部的 , 外面的  n. 外部  "
804,external a. 外部的 ; 客观的 ; 外国的 ; 表面的 ;[ 医 ] 外用的
805,extinct a. 灭绝的 ; 熄灭了的  
806,extinguish v. 熄灭 ; 消灭 ; 结束 ; 压制 ; 使黯然失色 ; 偿清  
807,"extract v./n. 拔出 , 抽出 ; 摘录  n. 抽取物 ; 精华 ; 选集  "
808,extraordinary a. 非常的 ; 格外的 ; 意外的 ; 离奇的 ; 临时的  
809,extravagant a. 奢侈的 ; 过分的 ;( 言行等 ) 放肆的  
810,fable n. 寓言  
811,"fabricate v. 捏造 , 编造 ( 谎言 , 借口等 ); 建造 , 制造  "
812,fabulous a. 极好的；极为巨大的；寓言中的，传说中的
813,facilitate v. 使变得 ( 更 ) 容易 ; 使便利 ; 推动 ; 帮助 ; 处进  
814,"facility n. 灵巧 , 熟练 ;(pl.) 设备 , 设施 , 便利条件  "
815,"faculty n. 才能 ; 学院 , 系 ;( 学院或系的 ) 全体教学人员  "
816,fairy a. 幻想中的 ; 虚构的 ; 优雅的  n. 仙女 ; 精灵  
817,"famine n. 饥荒 , 饥馑  "
818,"fan n. 扇子 , 风扇 ;( 影 , 球等 ) 迷  v. 扇 , 扇动 , 激起  "
819,"fancy n. 爱好 , 迷恋  v. 想象 , 幻想  a. 花式的 , 奇特的  "
820,"fare n. 车费 , 船费 ; 伙食 ; 乘客  v. 过活 ; 进展 ; 经营  "
821,"farewell int. 再会 , 别了  n. 告别  "
822,"farther ad. 更远地 , 再往前地  a. 更远的  "
823,fatigue n./v.( 使 ) 疲劳  
824,fax n./v. 传真 ( 机 ) 
825,feasible a. 可行的 ; 切实可行的 ; 行得通的 ; 可用的  
826,feast n. 节日 ; 宴会  
827,feat n. 功绩，伟业，技艺  
828,February n. 二月  
829,feedback n. 反馈 ; 反应 ; 回授  
830,fell v. 击倒 ; 打倒 ( 疾病等 ); 砍伐 a. 凶猛的 ; 可怕的  
831,"fellow n. 人 , 家伙 ; 伙伴 , 同事  a. 同样的 , 同事的  "
832,"fellowship n. 伙伴关系 ; 联谊会 , 团体  "
833,feminine a. 女性的 ; 娇柔的  
834,fence n. 篱笆 ; 围栏 ; 剑术  v. 用篱笆瓦围住 ; 击剑  
835,"ferry n. 摆渡 ; 渡船 ; 渡口 v. 摆渡 ; 渡运 ( 人 , 车或物等 )"
836,"fertile a. 肥沃的 , 富饶的 ; 能繁殖的  "
837,fertilizer n.(fertiliser) 肥料  
838,fetch v. 取来 ; 接来 ; 引出 ; 售得 ; 吸引  n. 取得 ; 拿  
839,feudal a. 封建的 ; 封地的 ; 领地的  
840,fiber n.(fibre) 纤维 ; 构造 ; 纤维制品  
841,"file n. 锉刀 ; 文件 , 档案  v. 锉  "
842,"filter n. 滤器 , 滤纸  "
843,"finite a. 有限的； [ 数 ] 有穷的 , 限定的  "
844,fireplace n. 壁炉  
845,fisherman n. 渔夫，捕鱼人  
846,fist n. 拳头  vt. 用拳头打；紧握  
847,fixture n. 固定设备 ; 预定日期 ; 比赛时间 ; 定期存款  
848,"flap n. 垂下物 , 帽沿 , 袋盖  n./v. 拍打 , 拍动  "
849,flatter vt. 奉承 ; 使高兴 ; 使满意 ; 胜过  
850,flavor n.(flavour) 情味 ; 风味 ; 滋味  v. 给 … 调味  
851,flaw n. 裂缝 ; 缺陷  v. 使破裂 ; 使有缺陷  
852,flee v. 逃走 ; 逃避  
853,"flesh n. 肉 , 肌肉  "
854,"fling v.( 用力地 ) 扔 , 抛 , 丢  "
855,flour n. 面粉  
856,"flourish n./v. 繁荣 , 茂盛 , 兴旺  "
857,"fluid a. 流动的 , 液体的  n. 流体 , 液体  "
858,flush n. 脸红 v. 发红 ; 奔流 a. 洋溢的 ; 富裕的 ; 齐平的
859,"foam v./n. 泡沫 , 起泡沫  "
860,fog n. 雾气，雾  v. 以雾笼罩，被雾笼罩  
861,folk n. 人们 ; 民族 ; 亲属  a. 民间的  
862,"forge v. 锻造 , 伪造  n. 锻工车间 ; 锻炉  "
863,"fork n. 叉 , 耙 ; 叉形物 ; 餐叉  "
864,"format n.( 出版物的 ) 开本 , 版式 , 格式  vt. 设计 ; 安排  "
865,formidable a. 强大的 ; 令人敬畏的 ; 可怕的 ; 艰难的  
866,formula n.(pl.formulae) 公式 ; 规则 ; 分子式 ; 药方  
867,formulate v.  用公式表示 ; 规划 ; 设计 ; 系统地阐述  
868,forth ad. 向前；向外，往外  
869,forthcoming a. 即将到来的 ; 准备好的 ; 乐意帮助的 ;n. 来临  
870,fortnight n. 两星期  
871,"forum n. 论坛 , 讨论会  "
872,fossil n. 化石  
873,foster vt. 养育 ; 收养 ; 怀抱 ; 鼓励  a. 收养的  n. 养育者
874,foul a. 污秽的 ; 邪恶的  v. 弄脏 ; 妨害 ; 犯规  n. 犯规  
875,"fountain n. 泉水 , 喷泉 , 源泉  "
876,"fracture n. 裂缝 ( 痕 ); 骨折  v.( 使 ) 断裂 ,( 使 ) 折断  "
877,fragile a. 易碎的，脆的，易损坏的；虚弱的，脆弱的
878,"fragment n. 碎片 , 小部分 , 片断  "
879,fragrant a. 香的 ; 芬芳的  
880,frame n. 框架 ; 体格 ; 骨架 ; 组织 ; 机构  v. 设计 ; 制定  
881,framework n. 构架 ; 框架 ; 结构 ; 组织 ; 机构  
882,fraud n. 欺诈，诈骗；欺骗 ( 行为 ) ；骗子；假货  
883,"freight n. 货物 , 货运 , 运费  "
884,"frequency n. 频率 , 周率  "
885,"friction n. 磨擦 , 摩擦力  "
886,fringe n. 边缘； ( 窗帘 ) 缘饰；额前垂发  vt. 饰 … 的边
887,frog n. 蛙  
888,"frontier n. 国境 , 边境 ; 尖端 , 新领域  "
889,"frost n. 霜 , 霜冻 , 严寒  "
890,"fruitful a. 多产的 ; 果实累累的 , 富有成效的  "
891,"frustrate vt. 挫败 , 阻挠 , 使灰心  "
892,"fry v. 油煎 , 油炸  "
893,"fulfill v.(fulfil) 完成 , 履行 , 实践 , 满足  "
894,fume n.( 浓烈或难闻的）烟，气，汽  
895,"funeral n. 丧葬 , 葬礼  "
896,"furious a. 狂怒的 , 狂暴的 , 猛烈的  "
897,"furnace n. 炉子 , 熔炉  "
898,"furnish v. 供应 , 提供 ; 装备 , 布置  "
899,"fuse n. 保险丝 , 导火线 , 引信  v. 熔化 , 熔合  "
900,"fuss n./v. 忙乱 , 大惊小怪  "
901,futile a. 无效的，无用的，无希望的  
902,galaxy n. 星系 ;(the galaxy) 银河 ( 系 ); 一群显赫的人
903,"gallery n. 长廊 , 画廊 , 美术馆  "
904,gallon n. 加仑  
905,"gallop v./n. 奔驰 , 飞奔  "
906,"gamble n./v. 投机 , 冒险 ; 赌博  "
907,"gang n. 一帮 , 一群 , 一伙  "
908,gaol n.(jail) 监狱； ( 不加冠词 ) 监禁  vt. 使 … 坐牢
909,garlic n. 蒜，大蒜粉  
910,garment n.( 一件 ) 衣服  
911,gasoline n.(gasolene) 汽油  
912,"gasp n. 喘息 , 气喘  v. 喘息 ; 气吁吁地说  "
913,"gauge n. 标准尺寸 ; 规格 ; 量规 , 量表  v. 测量  "
914,"gay a. 快乐的 , 愉快的 , 色彩鲜艳的"
915,"gaze v./n. 凝视 , 注视  "
916,"gear n. 齿轮 , 传动装置  v.(to) 调整 , 使适合  "
917,gender n.( 生理上的 ) 性； ( 名词、代词等的 ) 性  
918,"generalize v.(generalise) 归纳 , 概括 ; 推广 , 普及  "
919,"generate vt. 产生 , 发生 ; 生殖  "
920,"generation n. 产生 , 发生 ; 一代 ( 人 ) "
921,"generator n. 发电机 , 发生器  "
922,genetic a. 遗传 ( 学 ) 的  n.[-s] 遗传学  
923,genius n. 天才  
924,"genuine a. 真正的 , 名副其实的  "
925,geography n. 地理 ( 学 ) 
926,geology n. 地质 ( 学 ) 
927,geometry n. 几何 ( 学 ) 
928,"germ n. 微生物 , 细菌  "
929,"ghost n. 鬼魂 , 幽灵  "
930,glamor n.(glamour) 魅力 ; 魔法  vt. 迷惑  
931,"glide n./v. 溜 , 滑行 ;( 时间 ) 消逝  "
932,"glitter n. 光辉 , 灿烂  v. 闪闪发光 ; 闪耀  "
933,"globe n. 球体 , 地球仪 ; 地球 , 世界  "
934,"glorious a. 壮丽的 , 辉煌的 ; 光荣的  "
935,"glow v. 发热 , 发光 , 发红  n. 白热  "
936,"glue n. 胶 , 胶水  v. 胶合 , 粘贴  "
937,goat n. 山羊  
938,"goose n.(pl.geese) 鹅 , 雌鹅 , 鹅肉  "
939,gorgeous a. 华丽的；灿烂的；美丽的；宜人的；棒的  
940,"gossip n./v.( 说 ) 闲话 , 闲聊  "
941,"govern v. 统治 , 管理 ; 决定 , 支配  "
942,"governor n. 统治者 , 管理者 , 总督 , 州 ( 省 ) 长  "
943,gown n. 长袍，特殊场合穿的长服  
944,"grace n. 优美 , 文雅 ; 恩惠 , 恩泽 ; 宽限 , 缓刑 ; 感恩祷告"
945,"graceful a. 优美的 , 文雅的 , 大方的  "
946,"gracious a. 亲切的 , 客气的 ; 宽厚的 , 仁慈的  "
947,"grain n. 谷物 , 谷类 ; 颗粒 , 细粒  "
948,gramme n.(gram) 克  
949,"grammar n. 语法 , 语法书  "
950,"grand a. 盛大的 , 豪华的 ; 重大的 , 主要的  "
951,"grant v. 同意 , 准予 ; 授予  n. 授予物 ; 津贴 ; 转让证书  "
952,"graph n. 图表 , 曲线图  "
953,"graphic a. 绘画似的 ,  图解的 , 生动的  "
954,"grasp v./n. 抓住 , 抓紧 ; 掌握 , 领会  "
955,graze vi. 吃青草  vt. 放牧 ; 擦伤 ; 掠过  .n. 擦伤 ( 处 ) 
956,"grease n. 动物脂 , 油脂 , 润滑脂  v. 抹油 , 润滑  "
957,"greet v. 致敬 , 敬意 , 迎接 ; 扑 ( 鼻 ), 入 ( 耳 ), 触 ( 目 ) "
958,"greeting n. 问候 , 致敬  "
959,grey n./a.(gray) 灰色 ( 的 ) 
960,grief n. 悲伤，悲痛；悲伤的事，悲痛的缘由  
961,"grieve v. 使悲伤 , 使伤心  "
962,grim a. 严酷的，令人害怕的；不愉快的，讨厌的  
963,grin n./vi. 露齿而笑，咧嘴一笑  
964,"grind v. 磨 ( 碎 ), 碾 ( 碎 ) "
965,groan v./n. 呻吟  
966,"grocer n. 食品商 , 杂货商  "
967,"grope n./v. 摸索 , 探索  "
968,"gross a. 总的 , 毛 ( 重 ) 的 ; 粗鲁的 , 粗俗的  n. 总额  "
969,"guidance n. 引导 , 指导  "
970,guideline n. 指导方针，指导原则，准则，标准  
971,gulf n. 海湾  
972,gum n. 树胶 ; 口香糖  
973,gut n.[pl.] 胆量；内脏 a. 本能的  vt. 取出内脏  
974,gymnasium n.(gym) 体育馆，健身房  
975,habitat n.( 动物的 ) 栖息地， ( 植物的 ) 产地  
976,"hail v. 下雹 ; 欢呼 , 欢迎  n. 雹  "
977,"halt n. 止步 , 停步 , 停止前进  v. 止步 ,( 使 ) 停止  "
978,ham n. 火腿  
979,"hamper v. 妨碍 , 阻碍 , 牵制  "
980,"handbook n. 手册 , 指南  "
981,handful n. 一把 ; 少数 ; 一小撮  
982,handicap v. 妨碍  n.( 身体或智力方面的 ) 缺陷 ; 不利条件
983,handkerchief n. 手帕  
984,"handy a. 手边的 , 近便的 ; 方便的  "
985,harassment n. 骚扰，扰乱；烦恼，烦乱  
986,"harbor n.(harbour) 海港 ; 避难所  v. 隐匿 , 窝藏  "
987,harden v.( 使 ) 变硬  
988,"hardware n. 五金 , 金属制品 ; 硬件  "
989,"harness v. 治理 , 利用  n. 马具 , 挽具  "
990,harsh a. 粗糙的； ( 声音 ) 刺耳的；苛刻的，严酷的  
991,"hatch v. 孵 , 孵出 ; 策划 , 图谋  n. 舱口 , 小门  "
992,"hatred n. 憎恨 , 憎恶 , 怨恨  "
993,"haul v. 拖曳 , 拖运 , 用力拖  "
994,"hawk n. 鹰 , 隼  "
995,hay n. 干草  
996,"hazard n. 危险 , 冒险 , 危害  v. 冒险 , 拼命  "
997,"headquarters n. 司令部 , 指挥部 ; 总部 , 总局  "
998,"heap n.( 一 ) 堆 , 大量 , 许多  v.(up) 堆 , 堆起  "
999,heave v.( 用力 ) 举，提，拉；扔；拖；呕吐 n. 举起  
1000,"hedge n. 篱笆 , 树篱 , 障碍物  v. 用树篱围住  "
1001,"heighten v. 提高 , 升高  "
1002,heir n. 继承人  
1003,"hell n. 地狱 , 阴间 ; 苦境 , 极大痛苦  "
1004,"helmet n. 头盔 , 钢盔  "
1005,hen n. 母鸡  
1006,"hence ad. 从此 , 今后 ; 因此  "
1007,henceforth ad. 今后  
1008,herb n. 药草， ( 调味用的 ) 香草，草本植物  
1009,"herd n. 群 , 兽群 , 牛群  v. 放牧 , 群集  "
1010,"heritage n. 遗产 , 继承物 ; 传统  "
1011,heroic a. 英雄的，英勇的，崇高的  
1012,heroin n. 海洛因  
1013,heroine n. 女英雄 ; 女主角  
1014,hierarchy n. 等级制度；统治集团，领导层  
1015,"highland n.  高地 , 高原  "
1016,"highlight v. 使显著 , 使突出 ; 强调  n. 最精彩的部分  "
1017,hijack v. 劫持，劫机，拦路抢劫  
1018,"hinder v.(from) 阻止 , 妨碍  a. 后面的  "
1019,"hinge n. 合页 , 铰链  vi. 依 … 而定  "
1020,"hint n. 暗示 , 提示 , 线索  v. 暗示 , 示意  "
1021,hip n. 臀部，髋；屋脊  
1022,historian n. 历史学家  
1023,"hitherto ad. 到目前为止 , 迄今  "
1024,"hoist v. 举起 , 升起 , 吊起  "
1025,"hollow a. 空的 , 中空的 ; 空洞的 , 空虚的  v. 挖空 , 凿空  "
1026,homogeneous a. 同种类的，同性质的，有相同特征的  
1027,"honorable a.(honourable) 可敬的 ; 荣誉的 , 光荣的  "
1028,"hook n. 钩 , 吊钩 , 钩状物  v. 钩住  "
1029,hop v. 人单足跳 ; 跳上 ( 车等 ) n. 蹦跳 ; 短程飞行  
1030,"horizon n. 地平线 ; 眼界 , 见识  "
1031,horizontal a. 地平线的 ; 水平的  
1032,"horn n.( 牛羊等的 ) 角 ; 号 , 喇叭 ; 角状物 ; 角制品  "
1033,"hose n. 水龙带 , 软管  v. 用软管 ( 淋浇 , 冲洗 ) "
1034,hostage n. 人质  
1035,"hostess n. 女主人 , 女主持人  "
1036,hound n. 猎狗；卑鄙的人  vt. 用猎狗追，追逐  
1037,hover vi.( 鸟 ) 盘旋，翱翔， ( 人 ) 逗留在附近徘徊  
1038,huddle n./v. 拥挤 ; 聚集 v.( 因寒冷、害怕而 ) 缩成一团
1039,"humble a. 谦卑的 , 恭顺的 ; 地位低下的  v. 降低 , 贬低  "
1040,"humid a. 湿的 , 湿气重的  "
1041,"humidity n. 湿气 , 湿度  "
1042,humiliate v. 使羞辱，使丢脸 [ 同 ]disgrace 
1043,hurl vt. 猛投，力掷；大声叫骂  
1044,"hut n. 小屋 , 棚屋  "
1045,hypocrisy n. 伪善，虚伪  
1046,"hypothesis n. 假说 , 假设 , 前提  "
1047,"hysterical a. 情绪异常激动的 , 歇斯底里的  "
1048,"identical a.(to.with) 同一的 , 同样的  "
1049,"identification n. 识别 , 鉴别 ; 证件 ; 认同  "
1050,"identify v. 识别 , 鉴别 ;(with) 把 … 和 … 看成一样  "
1051,"idiom n. 习语 ; 成语方言 ;( 艺术等的 ) 风格 , 特色  "
1052,"idle a. 空闲的 , 闲置的 ; 懒散的  v. 空费 , 虚度  "
1053,"ignite v. 点火 , 引燃  "
1054,"ignorance n. 无知 , 愚昧 ; 不知道  "
1055,"ignorant a. 无知的 , 愚昧的 ; 不知道的  "
1056,"illiterate a. 文盲的 , 未受教育的  "
1057,"imitate v. 模仿 , 仿效 ; 仿造 , 伪造  "
1058,"imitation n. 模仿 , 仿效 ; 仿制 ; 仿造品  "
1059,"immense a. 广大的 , 巨大的 ;[ 口 ] 极好的  "
1060,immerse v. 使沉浸在 ; 使浸没  
1061,"immune a. 免疫的 , 有免疫力的 ; 有受影响的 ; 豁免的  "
1062,impart vt. 传授，给予；告知，通知  
1063,"impatient a. 不耐烦的 , 急躁的  "
1064,imperative n. 命令 ; 需要 ; 规则 ; 祈使语气 a. 强制的 ; 紧急的
1065,imperial a. 帝国的，帝王的； ( 度量衡 ) 英制的  
1066,"impetus n. 推动 ( 力 ), 促进  "
1067,"implement n.(pl.) 工具 , 器具  v. 贯彻 , 实现  "
1068,implication n. 含意，暗示，暗指；牵连  
1069,implicit a. 含蓄的 ;(in) 固有的 ; 无疑问的 ; 绝对的  
1070,"imply v. 意指 , 含 … 意思 , 暗示  "
1071,impose v. 征 ( 税 );(on) 把 … 强加给  
1072,"impulse v. 推动  n. 推动 ; 冲动 , 刺激  "
1073,incentive n. 刺激 ; 动力 ; 鼓励 ; 诱因 ; 动机  
1074,incidence n. 影响程度，影响范围；发生率  
1075,"incidentally ad. 附带地 , 顺便提及  "
1076,"incorporate v. 合并 , 纳入 , 结合  a. 合并的  "
1077,"incur v. 招致 , 惹起 , 遭受  "
1078,"indicative a.(of) 指示的 , 暗示的  "
1079,"indignant a. 愤慨的 , 愤慨不平的  "
1080,"indignation n. 愤怒 , 愤慨  "
1081,"indispensable a.(to,for) 必不可少的 , 必需的  "
1082,"induce v. 引诱 , 劝使 ; 引起 , 导致 ; 感应  "
1083,indulge v. 放任，纵容，沉溺；使 ( 自己 ) 纵情享受  
1084,industrialize v.(industrialise)( 使 ) 工业化  
1085,"inertia n. 不活动 , 惰性 ; 惯性  "
1086,"infant n. 婴儿 , 幼儿  "
1087,"infectious a. 传染的 , 传染性的 , 有感染力的  "
1088,"inferior a. 下等的 , 下级的 ; 劣等的 , 差的  n. 下级 , 晚辈  "
1089,"infinite a. 无限的 , 无穷的  n. 无限  "
1090,inflation n. 通货膨胀  
1091,infrared a./n. 红外线 ( 的 ) 
1092,infrastructure n. 基础结构，基础设施  
1093,ingenious a. 机敏的 ; 有独创性的 ; 精致的 ; 精巧制成的  
1094,ingredient n.( 混合物的 ) 组成部分，配料；成份，要素  
1095,"inhabitant n. 居民 , 住户  "
1096,inhale v. 吸入 ( 气体等 ) ，吸 ( 烟 ) 
1097,"inherent a. 固有的 , 内在的 , 天生的  "
1098,inhibit vt. 抑制，约束  
1099,initiate vt. 开始，创始，发动；启蒙，使入门；引入  
1100,"initiative a. 创始的 , 起始的  n. 第一步 , 创始 , 主动精神  "
1101,inject vt. 注射 ( 药液等 ) ；注入  
1102,ink n. 墨水，油墨  
1103,"inland a./ad. 国内 , 内地 , 内陆  "
1104,"inlet n. 水湾 , 小湾 ; 进口 , 入口  "
1105,"inn n. 小旅馆 , 客栈  "
1106,innovation n. 改革，革新；新观念，新方法，新发明  
1107,"innumerable a. 无数的 , 数不清的  "
1108,"inquiry n.(enquiry) 询问 , 打听 , 调查  "
1109,"install vt.(instal) 安装 , 设置 , 安置；使就职 , 任命  "
1110,"installation n. 安装 , 设置 ; 装置 , 设备  "
1111,installment n.(instalment) 分期付款； ( 连载的 ) 一期  
1112,"instantaneous a. 瞬间的 , 即刻的  "
1113,"institute n. 学会 , 研究所 ; 学院  v. 设立 , 设置 , 制定  "
1114,institution n. 公共机构 ; 协会 ; 学校 ; 研究所 ; 制度 ; 惯例  
1115,"instruct v. 教 , 教授 ; 命令 , 指示  "
1116,"instruction n. 教授 ; 指导 ;(pl.) 用法说明 ( 书 ), 操作指南  "
1117,"instrument n. 工具 , 仪器 , 器械 ; 乐器  "
1118,instrumental a. 仪器的 ; 器械的 ; 乐器的 ; 起作用的 ; 有帮助的
1119,"insult vt./n. 侮辱 , 凌辱  "
1120,integral a. 构成整体所必需的 ; 完整的  
1121,"integrate v.(into,with)( 使 ) 成为一体 ,( 使 ) 结合在一起"
1122,"integrity n. 正直 , 诚实 ; 完整 , 完全  "
1123,intelligible a. 可理解的，明白易懂的，清楚的  
1124,"intense a. 强烈的 , 剧烈的 ; 热烈的 , 热情的  "
1125,"intensity n. 强烈 , 剧烈 ; 强度  "
1126,"intensive a. 加强的 , 集中的 , 深入细致的 , 精耕细作的  "
1127,"intercourse n. 交流 , 交往 , 交际 , 性交  "
1128,interface n. 接合部位，分界面  v.( 使 ) 互相联系  
1129,"interfere v.(in) 干涉 , 干预 ;(with) 妨碍 , 打扰  "
1130,"interference n.(in) 干涉 , 干预 ;(with) 妨碍 , 打扰  "
1131,"interim a. 中间的 , 暂时的 , 临时的  n. 过渡时期 , 暂定  "
1132,"interior a. 内部的 , 里面的  n. 内部 , 内地  "
1133,"intermediate a. 中间的 , 居间的 ; 中级的  n. 中间体 , 媒介物  "
1134,"intermittent a. 间歇的 , 断断续续的  "
1135,"interpret vt. 解释 , 说明 ; 口译  "
1136,intersection n. 相交，交叉；道路交叉口，十字路口  
1137,"interval n. 间隔 , 间歇 ;( 幕间或工间 ) 休息  "
1138,"intervene v.(in) 干涉 , 干预 ; 插入 , 介入  "
1139,"intimate a. 亲密的 , 密切的  n. 熟友 , 熟人  "
1140,intimidate vt. 胁迫，威胁 ( 某人做某事 ) 
1141,"intricate a. 复杂的 , 错综的 , 难以理解的  "
1142,"intrigue n. 阴谋 v. 密谋 , 私通 ; 激起 … 的兴趣 ; 诡计取得  "
1143,intrinsic a.( 指价值、性质 ) 固有的，本质的，内在的  
1144,"intrude vi. 闯入 , 侵入 vt. 把 ( 思想等 ) 强加于人 ; 强挤入"
1145,intuition n. 直觉，直观；凭直觉而知的事物  
1146,"invalid n. 病人 , 伤残人  a. 有病的 , 伤残的 ; 无效的  "
1147,invariably ad. 不变地，永恒地，总是  
1148,"inventory n. 详细目录 , 存货 , 财产清册 , 总量  "
1149,"inverse a. 相反的 , 倒转的 , 反转的  n. 相反之物  v. 倒转"
1150,"investigate v. 调查 , 调查研究  "
1151,"invitation n. 邀请 , 招待 ; 请柬  "
1152,"involve v. 卷入 , 陷入 , 连累 ; 包含 , 含有 , 涉及  "
1153,"iron n. 铁 , 铁制品 , 烙铁 , 熨斗  v. 熨 ( 衣 ), 熨平  "
1154,"irony n. 反话 ,  讽刺 ,  讽刺之事  "
1155,"irrespective a. 不顾的 , 不考虑的 , 无关的  "
1156,irrigate vt. 灌溉，修水利  vi. 进行灌溉  
1157,"irritate vt. 激怒 , 恼火 , 使急躁  "
1158,isle n. 小岛 ( 用于诗歌中 ) 
1159,"jacket n. 短上衣 , 茄克衫  "
1160,"jam n. 阻塞 , 轧住 ; 果酱  v.( 使 ) 阻塞 ,( 使 ) 轧住不动"
1161,January n. 一月  
1162,"jar n. 罐坛 , 广口瓶  "
1163,jargon n. 行话  
1164,"jaw n. 颌 , 颚  "
1165,"jealous a.(of) 妒忌的 ; 猜疑的 , 警惕的  "
1166,"jeans n. 牛仔裤（又称 blue jeans, dungarees 等）"
1167,"jet n. 喷气发动机 , 喷气式飞机 ; 喷口  v. 喷出 , 喷射"
1168,"jewel n. 宝石 , 宝石饰物  "
1169,jewelry n.(jewllery)( 总称 ) 珠宝  
1170,"jolly a. 欢乐的 , 高兴的  "
1171,"journal n. 定期刊物 , 杂志 , 日报 ; 日志 , 日记  "
1172,judicial a. 司法的，法庭的，审判的；明断的，公正的
1173,jug n.( 有柄，小口，可盛水等的 ) 大壶，罐，盂  
1174,July n. 七月  
1175,"junction n. 连接 , 接合 , 交叉点 , 枢纽站 , 接头 , 中继线  "
1176,June n. 六月  
1177,"Junior a./n. 年少的 / 者 , 三年级的 / 学生 , 下级 ( 的 ) "
1178,junk n. 废物，旧货；舢板  
1179,jury n. 陪审团 ; 全体评审员  
1180,"juvenile n. 青少年 , 少年读物  a. 青少年的 ,  幼稚的  "
1181,"keen a. 锋利的 ; 敏锐的 ; 敏捷的 ;(on) 热心的 , 渴望的"
1182,kettle n. 水壶  
1183,kick n./v. 踢  
1184,kidnap vt. 诱拐；绑架，劫持  
1185,"kidney n. 肾 , 肾脏  "
1186,"kin n. 家族 , 亲属 , 血缘关系  a. 亲属关系的 , 同类的"
1187,"kingdom n. 王国 , 领域  "
1188,"kit n. 成套工具 , 用具包 , 工具箱  "
1189,"kneel v. 跪 , 下跪  "
1190,"knit v. 编织 , 编结 ; 接合 , 粘合  "
1191,"knob n. 门把 ,( 球形 ) 把手 , 旋纽  "
1192,knot n.( 绳 ) 结 ;( 树 ) 节 ; 节 (= 海里 / 小时 ) v. 打结  
1193,lab n.(laboratory) 实验室  
1194,"lace n. 花边 ; 带子 , 鞋带  v. 系带 , 扎带  "
1195,"lad n. 男孩 , 小伙子  "
1196,"lag v./n. 落后 , 滞后  vt. 用隔热材料覆盖 ( 锅炉等 )"
1197,"lamb n. 羔羊 , 小羊 ; 羔羊肉  "
1198,"landlady n. 女房东 , 女地主  "
1199,"landlord n. 房东 , 地主  "
1200,"lantern n. 灯 , 灯笼  "
1201,"lapse n. 失误 , 流逝 , 丧失 , 下降  v. 失效 , 偏离 , 流逝  "
1202,"largely ad. 主要地 , 基本上 ; 大量地 , 大规模地  "
1203,laser n. 激光  
1204,"lash v. 鞭打 , 摆动 , 捆扎  n. 鞭子 , 鞭打 , 睫毛 , 讽刺  "
1205,"latent a. 潜在的 , 潜伏的 , 不易察觉的  "
1206,"lateral n. 侧面的 , 旁边的  "
1207,"latitude n. 纬度 , 行动或言论的自由 ( 范围 ),(pl.) 地区  "
1208,"laundry n. 洗衣房 ( 店 ); 待洗衣物 , 所洗衣物  "
1209,"lavatory n. 厕所 , 盥洗室  "
1210,"lawn n. 草地 , 草坪  "
1211,layman n. 外行  
1212,"layoff n. 临时解雇 , 操作停止 , 活动停止期间 , 失业期  "
1213,layout n. 安排，布局，设计；规划图，布局图  
1214,"leaflet n. 小叶 , 嫩叶 ; 传单 , 活页  "
1215,"league n. 同盟 , 联盟 ; 联合会 , 社团  "
1216,"leap v. 跳 , 跳跃  n. 跳跃 , 飞跃  "
1217,"lease vt. 出租 , 租用  n. 租借 , 租期 , 租赁物  "
1218,legacy n. 遗产，遗赠；先人 ( 或过去 ) 留下的东西  
1219,legislation n. 法律 ( 规 ) ；立法，法律的制定 ( 或通过 ) 
1220,legitimate a. 合法的；合理的，合乎逻辑的  vt. 使合法  
1221,"leisure n. 空闲 , 闲暇 ; 悠闲 , 安逸  "
1222,lemon n. 柠檬  
1223,"lens n. 透镜 , 镜头  "
1224,"lest conj. 惟恐 , 免得  "
1225,"lever n. 杆 , 杠杆 , 手段 , 途径 , 工具  "
1226,"levy n. 征收 , 征税 , 征兵  v. 征收 , 征集 , 征用  "
1227,"liability n. 责任 , 义务 ;(pl.) 债务  "
1228,liable a. 有 ... 倾向的；可能遭受 ... 的；有责任的  
1229,"liberal a. 慷慨的 , 大方的 ; 富足的 ; 自由的 , 思想开放的  "
1230,"liberate vt. 解放 , 释放  "
1231,liberty n. 自由，自由权；特权  
1232,librarian n. 图书管理员  
1233,"license n.(licence) 许可证 , 执照  v. 准许 , 认可  "
1234,lick vt. 舔； ( 火焰或浪 ) 掠过；打败  n. 舔；少量  
1235,lid n. 盖  
1236,"lightning n. 闪电  a. 闪电般的 , 快速的  "
1237,likelihood n. 可能性  
1238,"likewise ad. 同样地 , 照样地 ; 又 , 也 , 而且  "
1239,"limb n. 肢 , 翼 , 大树枝  "
1240,"limp a. 柔软的 , 易曲的  v./n. 蹒跚 , 跛行  "
1241,linear a. 线的，直线的，线状的；长度的；线性的  
1242,"linen n. 亚麻布 , 亚麻布制品  "
1243,"liner n. 班机 , 定期轮船 , 邮船  "
1244,"linger v. 逗留 , 徘徊 , 拖延 , 留恋 , 浪费光阴 , 苟延残喘  "
1245,linguistic a. 语言的，语言学的  
1246,liquor n. 酒；溶液，液剂  
1247,"literacy n. 有文化 , 有教养 , 有读写能力  "
1248,"literally ad. 照字面意义 , 逐字地 ; 确实  "
1249,"literary a. 文学上的 , 文学的 ; 精通文学的 , 从事写作的  "
1250,litre n.(liter) 升；公升 ( 容量单位 ) 
1251,"litter n. 垃圾 ,( 杂乱的 ) 废物  v. 使杂乱 , 乱丢  "
1252,"liver n. 肝 , 肝脏  "
1253,"load v. 装 ( 货 ), 装载  n. 装载 ( 量 ), 负荷 ( 量 );( 一 ) 担  "
1254,loaf n. 一个面包  
1255,"lobby n. 门廊 , 门厅 ,( 会议 ) 休息厅  "
1256,"locomotive n. 机车 , 火车头  a. 运动的 , 移动的 , 运载的  "
1257,"lodge v. 临时住宿 , 寄宿 , 寄存 , 容纳 n. 传达室 , 小旅馆"
1258,lofty a. 崇高的，高尚的；高傲的；极高的  
1259,"log n. 原木 , 圆木 ; 航海日志  "
1260,longitude n. 经度  
1261,"loom n. 织布机 , 织机  v. 隐现 ,( 危险、忧虑等 ) 迫近  "
1262,"loop n. 圈 , 环  "
1263,"loosen v. 解开 , 放松  "
1264,"lord n.(lord) 上帝 , 主 ; 主人 , 长官 , 君主 , 贵族  "
1265,lottery n. 抽彩；碰运气的事，难于算计的事  
1266,"lounge n. 休息室 , 起居室 , 客厅  "
1267,"lubricate v. 润滑 , 加润滑油 , 行贿 , 收买  "
1268,"luggage n. 行李 , 皮箱  "
1269,"lumber n. 木材 , 木料  "
1270,"lump n. 团 , 块  v.( 使 ) 成团 ,( 使 ) 成块  "
1271,lunar a. 月亮的  
1272,"lure n. 吸引力 , 魅力 , 诱惑物  vt. 引诱，吸引  "
1273,"machinery n.( 总称 ) 机器 , 机械  "
1274,madame n.(madam) 夫人，太太，女士  
1275,magistrate n. 地方行政官，地方法官，治安官  
1276,"magnet n. 磁体 , 磁铁  "
1277,"magnetic a. 磁的 , 有磁性的 ; 有吸引力的  "
1278,"magnificent a. 华丽的 , 高尚的 , 宏伟的  "
1279,"magnify vt. 放大 , 扩大 , 夸大 , 夸张  "
1280,"magnitude n. 大小 , 数量 ; 巨大 , 广大  "
1281,"maid n. 少女 , 处女 , 女仆  "
1282,"maiden n. 少女 , 处女  a. 未婚的 , 纯洁的 , 无经验的  "
1283,"majesty n. 雄伟 , 壮丽 , 庄严 , 威严 ; 最高权威 , 王权  "
1284,malignant a. 恶性的，致命的；恶意的，恶毒的  
1285,mammal n. 哺乳动物  
1286,"maneuver n.(manoeuvre) 机动 ; 运用 , 操作 ; v. 机动  "
1287,"manifest v. 表明 , 证明 , 显示  a. 明白的 , 明了的  "
1288,manipulate vt.( 熟练地 ) 使用，操作； ( 巧妙地 ) 处理  
1289,"manual a. 手的 , 手工做的 , 体力的  n. 手册 , 指南  "
1290,"manuscript n. 手稿 , 原稿  "
1291,"marble n. 大理石 , 云石  "
1292,March n. 三月 ( 略作  mar.) 
1293,"marine a. 海的 , 海生的 ; 船舶的 , 航海的  "
1294,"marital a. 婚姻的 , 夫妻之间的  "
1295,"marvelous a.(marvellous) 惊人的 , 奇迹般的 , 妙极的  "
1296,marxist a. 马克思主义的  n. 马克思主义者  
1297,masculine a. 男性的，似男性的；   ［语法］阳性的  
1298,"massacre vt. 残杀 , 集体屠杀  n. 残杀 , 大屠杀  "
1299,"masterpiece n. 杰作 , 名著  "
1300,"mat n. 席子 , 垫子  "
1301,mathematical a. 数学的；数学上的  
1302,"maximum n. 最大值 , 极限  a. 最大的 , 最高的  "
1303,mayor n. 市长  
1304,"meadow n. 草地 , 牧场  "
1305,"meantime n.(meanwhile) 其间 , 其时  ad. 同时 , 当时  "
1306,meanwhile n. 其时，其间  ad. 当时，与此同时  
1307,"mechanic n. 技工 , 机修工  "
1308,"mechanism n. 机械装置 , 机构 ; 机制  "
1309,"medal n. 奖章 , 勋章 , 纪念章  "
1310,"medieval a. 中世纪的 , 中古 ( 时代 ) 的 , 老式的 , 原始的  "
1311,"meditate v. 想 , 考虑 ,( 尤指宗教上的 ) 沉思 , 冥想  "
1312,"meditation n. 熟虑 ;( 尤指宗教的 ) 默想 , 沉思 ;(pl.) 冥想录  "
1313,"medium n.(pl.media) 媒体 , 方法 , 媒介 , 介质  a. 中等的  "
1314,melody n. 旋律，曲调；悦耳的音乐  
1315,melon n. 甜瓜  
1316,memo n.(memorandum) 备忘录  
1317,"memorial a. 记忆的 , 纪念的  n. 纪念物 , 纪念碑 , 纪念馆  "
1318,menace vt./n. 有危险性的人 ( 或物 ) ；威胁，威吓  
1319,"mend v. 修理 , 缝补 ; 改正 , 改进  "
1320,"merchandise n. 商品 , 货物  "
1321,"merchant n. 商人 , 零售商  "
1322,"mercury n. 水银 , 汞  "
1323,merge v.( 使 ) 结合， ( 使 ) 合并， ( 使 ) 合为一体  
1324,"merit n. 优点 , 价值 , 功绩  v. 值得 , 应得  "
1325,"messenger n. 送信者 , 使者 , 传令兵  "
1326,"metal n. 金属 , 金属制品  "
1327,metaphor n. 隐喻，暗喻  
1328,metre n.(meter) 米，公尺；仪表，计量器  
1329,"metric a. 米制的 , 公制的  "
1330,"metropolitan a. 首都的 , 主要都市的 , 大城市  "
1331,"microphone n. 话筒 , 扩音器  "
1332,microscope n. 显微镜  
1333,"migrate v. 迁移 , 移居 ( 国外 ) "
1334,militant a. 好战的，富于战斗性的  n. 斗士  
1335,"mill n. 磨粉机 , 磨坊 ; 作坊 , 工厂  "
1336,millimeter n.(millimetre) 毫米  
1337,mine n. 矿  v. 采矿
1338,"mineral n. 矿物 , 矿石  a. 矿物的 , 矿质的  "
1339,mingle v.( 使 ) 混合  
1340,"miniature n. 缩小的模型 , 缩图  a. 微型的 , 缩小的  "
1341,"minimize v.(minimize) 使减少到最少 , 使降到最低  "
1342,"minimum n. 最小值 , 最低限度  a. 最小的 , 最低的  "
1343,"minister n. 部长 , 大臣  "
1344,ministry n.( 政府的 ) 部 ; 牧师  
1345,"minor a. 较小的 , 较小的  n. 兼修学科  v.(in) 兼修  "
1346,"minority n. 少数 , 少数派 , 少数民族  "
1347,"minus a. 负的 , 减的  prep. 减去  n. 负号 , 减号  "
1348,"mischief n. 损害 , 伤害 , 危害 ; 恶作剧 , 胡闹 ; 灾祸  "
1349,"missile n. 导弹 , 发射物  "
1350,"mission n. 使命 , 任务 ; 使团 , 代表团  "
1351,missionary a. 教会的，传教 ( 士 ) 的  n. 传教士  
1352,"mist n. 薄雾 , 霭  "
1353,mob n. 乌合之众 ( 尤指暴力者 ) vi. 围攻，聚众闹事
1354,"mobile a. 可动的 , 活动的 , 运动的  "
1355,"mobilize v.(mobilise) 动员 , 赋予可动性  "
1356,"mock v. 嘲笑  a. 假的 , 模拟的  n.( 常 pl.) 模拟考试  "
1357,"mode n. 方式 , 式样  "
1358,"model n. 样式 , 型 ; 模范 ; 模型 , 原型 ; 模特  v. 模仿  "
1359,"moderate a. 有节制的 , 中等的 , 适度的 , 温和的 , 稳健的  "
1360,modernization n.(modernisation) 现代化  
1361,"modify v. 更改 , 修改 , 修饰  "
1362,module n. 组件，模块，模件； ( 航天器的 ) 舱  
1363,"moist a. 潮湿的 , 湿润的 , 多雨的  "
1364,"moisture n. 潮湿 , 湿气 , 湿度  "
1365,molecule n. 分子  
1366,"momentum n. 动力 , 要素  "
1367,monarch n. 帝王，君主，最高统治者  
1368,"monetary a. 金融的 , 货币的  "
1369,"monopoly n. 垄断 , 专卖 , 专利权 , 专利事业  "
1370,"monotonous a. 单调的 , 无变化的  "
1371,"monument n. 纪念碑 , 纪念馆 , 遗迹 , 不朽的业绩  "
1372,mortal a. 致命的 ; 终有一死的 ; 人世间的  n. 凡人  
1373,mortgage n./v. 抵押 ( 借款 ) 
1374,mosaic n. 马赛克 ; 镶嵌体  
1375,mosquito n. 蚊子  
1376,"moss n. 苔 , 藓 , 地衣  "
1377,motivate vt. 促动；激励，鼓励，作为 … 的动机  
1378,"motive n. 动机 , 目的  a. 发动的 , 运动的  "
1379,"motor n. 发动机 , 电动机  "
1380,mould n.(mold) 模子，铸型  v. 浇铸，造型，塑造  
1381,"mount v. 登上 ; 安装 n. 支架 , 底板 ;( 用于山名前 ) 山峰"
1382,"mourn v. 哀悼 , 忧伤  "
1383,mug n.( 有柄的 ) 大茶杯  
1384,"multiple a. 多样的 , 多重的  n. 倍数  v. 成倍增加  "
1385,"multitude n. 众多 , 大量  "
1386,"municipal a. 市 ( 立 , 政 ) 的 ; 地方性的 , 地方自治的  "
1387,"murmur v./n. 小声说 ( 话 ); 小声抱怨 , 咕哝  "
1388,muscular a. 肌肉的 ; 肌肉发达的 ; 强健的  
1389,"mushroom n. 蘑菇  vt. 迅速生长 , 迅速增加 , 采蘑菇  "
1390,"musician n. 音乐家 , 乐师  "
1391,"mute a. 哑的 , 缄默的 n. 哑巴 ; 弱音器 v. 减弱 … 的声音  "
1392,"mutter n. 喃喃而语 , 小声低语 ; 抱怨  v. 低声说 , 抱怨  "
1393,mutton n. 羊肉  
1394,mutual a. 相互的，彼此的；共同的，共有的  
1395,"nail n. 指甲 , 爪 ; 钉  v. 将 … 钉牢 , 钉住  "
1396,naive a. 天真的  
1397,"namely ad. 即 , 也就是  "
1398,"nap n. 小睡 , 打盹  "
1399,"napkin n. 餐巾 , 餐巾纸 ,< 英 > 尿布  "
1400,narrative a. 叙述性的  n. 叙述  
1401,"nasty a. 肮脏的 , 卑劣的 , 下流的 ; 令人厌恶的  "
1402,"nationality n. 国籍 , 民族  "
1403,"naval n. 海军的 , 军舰的  "
1404,"navigation n. 航海 , 航空 ; 导航 , 领航  "
1405,"neat a. 整洁的 , 干净的 , 优美的 , 精致的  "
1406,neck n. 颈脖  
1407,necklace n. 项链，项圈  
1408,"needle n. 针 , 指针 , 针状物  "
1409,"neglect v./n. 忽视 ; 疏忽 , 漏做 , 忽略  "
1410,negligible a. 可忽略不计的，微不足道的  
1411,negotiate v. 商订；谈判，洽谈，交涉  
1412,negro n. 黑人  a. 黑人的  
1413,"network n. 网状物 ; 广播网 , 电视网 ; 网络  "
1414,"nevertheless conj.(nonetheless) 然而 , 不过 ad. 仍然 , 不过"
1415,nickname n. 绰号，浑名 vt. 给 … 起绰号  
1416,"niece n. 侄女 , 甥女  "
1417,"noble a. 高尚的 ; 贵族的 , 高贵的  n. 贵族  "
1418,"nominate v. 提名 , 任命  "
1419,"nonetheless ad.[nevertheless] 虽然如此 ,  但是  "
1420,"nonsense n. 胡说 , 废话  "
1421,"norm n. 准则 , 规范 , 准则 , 平均数  "
1422,"normalization n.(normalisation) 正常化 , 标准化  "
1423,"northern a. 北方的 , 北部的  "
1424,"notable n. 值得注意的 , 显著的 , 著名的  "
1425,"noticeable a. 显而易见的 , 值得注意的 , 重要的  "
1426,"notify v. 通知 , 告知 , 报告  "
1427,"notion n. 概念 , 想法 , 意念 , 看法 , 观点  "
1428,"notorious a. 臭名昭著的 , 声名狼藉的  "
1429,notwithstanding prep./ad./conj. 尽管  
1430,noun n. 名词  
1431,"nourish v. 提供养分 , 养育 , 怀有 ( 希望 , 仇恨等 ) "
1432,"novelty n. 新奇 , 新颖 , 新奇的事物  "
1433,November n. 十一月  
1434,"nowhere ad. 任何地方都不 , 没有地方  "
1435,"nuclear a. 核心的 , 中心的 ; 原子核的 , 核能的  "
1436,"nucleus n.(pl.nuclei) 核 , 核心 , 原子核  "
1437,nuisance n. 讨厌的人 ( 或东西 ); 麻烦事  
1438,"numb a. 麻木的 , 失去感觉的  v. 使麻木  "
1439,numerical a. 数字的，用数字表示的，数值的  
1440,nursery n. 托儿所  
1441,"nurture n./v. 养育 , 教育 , 教养  n. 营养品 v. 给与营养物"
1442,"nut n. 坚果 ; 螺母 , 螺帽  "
1443,nylon n. 尼龙  
1444,"oar n. 桨 , 橹  v. 划 , 划动 , 划行  "
1445,"oath n. 誓言 , 誓约 , 诅咒  "
1446,"obedience n. 服从 , 顺从  "
1447,"obedient a. 服从的 , 顺从的  "
1448,"obscure a. 暗的 , 朦胧的 ; 模糊的 , 晦涩的  "
1449,"obsession n. 迷住 ,  困扰  "
1450,"obsolete a. 已废弃的 , 过时的  "
1451,"obstruct v. 阻隔 , 阻塞 ( 道路、通道等 )n. 阻碍物 , 障碍物  "
1452,"obstruction n. 妨碍 , 障碍物  "
1453,"occasional a. 偶然的 , 非经常的 , 特殊场合的 ; 临时的  "
1454,o'clock ad.(…) 点钟 ( 与 1 至 12 数字连用 ) 
1455,"odds n. 不平等 , 差异 ; 机会  "
1456,"odor n.(odour) 气味 , 香味 , 臭味 , 名声  "
1457,"offend v. 犯罪 , 冒犯 , 违反 , 得罪 , 使 ... 不愉快  "
1458,"offensive a. 冒犯的 , 攻击的  n. 攻势 , 进攻  "
1459,"offset n. 分支 , 补偿  v. 抵消 , 补偿  "
1460,"offspring n. 子孙 , 后代 ; 结果 , 产物  "
1461,"omit v. 省略 , 删去 ; 遗漏 , 忽略  "
1462,onion n. 洋葱  
1463,"opaque a. 不透明 ( 光 ) 的 ; 难理解的 , 晦涩的  "
1464,opera n. 歌剧  
1465,"opponent n. 对手 , 反对者 , 敌手  a. 对立的 , 对抗的  "
1466,"opposite a. 对面的 , 相对的 , 相反的  n. 对立面  "
1467,"oppress v. 压迫 , 压制  "
1468,opt vi. 抉择，选择  
1469,"optical a. 眼的 , 视力的 ; 光学的  "
1470,optimum a. 最适宜的  n. 最适宜 ( 条件 ) 
1471,"optional a. 可以任选的 , 随意的 , 非强制的  "
1472,oral a. 口头的  
1473,orbit n. 轨道  v.( 使 ) 沿轨道行  
1474,"orchard n. 果园 , 果园里的全部果树 ,< 美俚 > 棒球场  "
1475,"ore n. 矿石 , 矿砂  "
1476,"orient n. 东方 , 亚洲  v. 使朝东 , 为 … 定位 , 使适应  "
1477,"oriental a. 东方的 , 东方诸国的  n. 东方人  "
1478,"orientation n. 方向 , 方位 , 定位 , 倾向性 , 向东方  "
1479,"originate v.(in,from) 起源 , 发生 ; 首创 , 创造  "
1480,"ornament v. 装饰 , 美化  n. 装饰 , 装饰物  "
1481,orphan n. 孤儿  
1482,"orthodox a. 传统的 , 正统的 , 习惯的 , 保守的 , 东正教的  "
1483,"outbreak n.( 战争 , 愤怒 , 火灾等的 ) 爆发 ,( 疾病的 ) 发作  "
1484,"outfit n. 用具 , 机构 , 全套装配  v. 配备 ,( 得到 ) 装备  "
1485,"outlet n. 出路 , 出口 ; 销路 , 市场 ; 发泄方法 ; 电源插座  "
1486,"outline n. 轮廓 , 略图 ; 大纲 , 梗概  v. 概述 , 略述  "
1487,"outlook n. 景色 , 风光 ; 观点 , 见解 ; 展望 , 前景  "
1488,"output n. 产量 , 输出 ( 量 ) "
1489,"outrage n. 暴行 , 侮辱 , 愤怒  v. 凌辱 , 引起 … 义愤 , 强奸  "
1490,"outset n. 开始 , 开端  "
1491,outskirts n. 郊区  
1492,"outward a. 外面的 , 公开的 , 向外的 ad. 向外 , 在外 n. 外表"
1493,oval a. 卵形的，椭圆形的  n. 卵形，椭圆形  
1494,"oven n. 炉 , 灶 , 灶箱  "
1495,"overall a. 全面的 , 综合的  n.(pl.)( 套头 ) 工作服  "
1496,"overcoat n. 外衣 , 大衣  "
1497,"overhear v. 偶然听到 , 从旁听到  "
1498,"overlap v. 重叠 , 与 … 交叠  n. 重叠  "
1499,"overlook v. 看漏 , 忽略 ; 俯瞰 , 眺望 ; 宽容 , 放任  "
1500,"overnight a. 通宵的 , 晚上的  ad. 在昨夜 , 一夜工夫 , 突然  "
1501,"overpass n. 过街天桥  vt. 胜过 , 通过 , 忽视  "
1502,"overtake v. 追上 , 超过 , 突然降临 , 压倒  "
1503,"overthrow v./n. 推翻 , 颠覆  "
1504,"overtime a. 超时的 , 加班的  ad. 加班  "
1505,"overturn n. 倾覆 , 破灭 , 革命  v. 打翻 , 推翻 , 颠倒 , 翻倒  "
1506,"overwhelm v. 淹没 , 覆没 , 压倒 , 制服 , 使不知所措  "
1507,"overwhelming a. 势不可挡的 , 压倒的  "
1508,owl n. 猫头鹰  
1509,"ownership n. 所有 ( 权 ), 所有制  "
1510,"oxygen n. 氧 , 氧气  "
1511,ozone n. 臭氧； ( 海岸等的 ) 新鲜空气  
1512,"pace n. 步 , 步伐 , 步调 , 速度  v. 踱步 , 用步测  "
1513,"pact n. 合同 , 条约 , 公约 , 协定  "
1514,"pad n. 垫 , 衬垫 ; 便笺簿  v. 加上衬垫  "
1515,paddle n. 桨  v. 用桨划  
1516,"pail n. 桶 ,  提桶 ;  一桶的量  "
1517,"palace n. 宫 , 宫殿  "
1518,"pale a. 苍白的 , 灰白的 ; 浅的 , 暗淡的  "
1519,"palm n. 手掌 , 掌状物 , 棕榈 vt. 与 … 握手 , 藏 … 于掌中"
1520,pamphlet n. 小册子  
1521,"pan n. 平底锅 , 盘子 , 面板  "
1522,"panorama n. 全景 , 全景画 , 全景摄影 , 全景照片 [ 装置 ] "
1523,"pant n. 喘气  v. 喘 , 气喘吁吁地说  "
1524,"pants n. 裤子 ,  短裤  "
1525,paperback n. 平装本，简装本  
1526,parachute n. 降落伞  v. 跳伞  
1527,paradigm n. 典范 ;  范例 ;  示例  
1528,"paradox n. 似非而是的话 , 自相矛盾的话 , 反论  "
1529,"paragraph n. 段 , 节 ; 小新闻 , 短评  "
1530,"parallel a. 平行的 , 相同的 , 类似的 n. 平行线 , 类似 , 对比"
1531,paralyze v.(paralyse) 使瘫痪 ( 麻痹 ); 使丧失作用  
1532,"parameter n. 参数 , 参量  "
1533,"parasite n. 寄生虫 , 食客  "
1534,"parcel n. 包裹 , 邮包 , 部分  v. 打包 , 捆扎 , 分配  "
1535,"parliament n. 国会 , 议会  "
1536,"partial a. 部分的 , 不完全的 ; 偏袒的 , 不公平的 , 偏爱的  "
1537,"particle n. 粒子 , 微粒 ; 极小量 ; 小品词 , 虚词  "
1538,"party n. 聚会 , 政党 , 当事人  v. 举行 ( 参加 ) 社交聚会  "
1539,passer-by n.(pl.passers-by) 过路人  
1540,"passive a. 被动的 , 消极的  "
1541,"paste n. 糊 , 浆糊  v. 粘 , 贴  "
1542,"pastime n. 消遣 , 娱乐  "
1543,"pasture n. 牧草地 , 牧场  "
1544,"pat v./n. 轻拍 , 轻打 , 抚摸  "
1545,"patch n. 补丁 , 斑点 , 碎片小块  v. 补 , 修补 , 掩饰  "
1546,"patent a. 专利的 , 特许的 n. 专利 ( 权、品 )v. 批准专利  "
1547,"pathetic a. 可怜的 ,  悲惨的  "
1548,patriotic a. 爱国的  
1549,patrol v. 巡逻，巡查  n. 巡逻，巡查；巡逻队  
1550,patron n. 赞助人；资助人；老顾客，老主顾  
1551,"pattern n. 模式 , 式样 ; 图案 , 图样  v. 仿制 , 模仿  "
1552,"pave v. 铺砌 , 铺 ( 路 ) "
1553,pavement n. 人行道  
1554,paw n. 爪  
1555,"peach n. 桃 , 桃树  "
1556,peanut n. 花生  
1557,pearl n. 珍珠  
1558,peasant n.( 不用于英国或美国 ) 小农 ; 佃农 ; 农民  
1559,pebble n. 卵石  
1560,"peculiar a. 古怪的 , 异常的 ; 特殊的 , 特有的  "
1561,"pedal n. 踏板  v. 踩踏板 , 骑自行车  "
1562,"pedestrian n. 步行者  a. 徒步的 , 呆板的 , 通俗的  "
1563,"peep v. 偷看 , 窥视  "
1564,"penalty n. 处罚 , 刑罚 , 惩罚 , 罚金  "
1565,"pendulum n. 摆 , 钟摆  "
1566,"penetrate v. 穿过 , 渗入 , 看穿  "
1567,peninsula n. 半岛  
1568,"penny n. 便士 , 美分  "
1569,"pension n. 养老金 , 年金  "
1570,"pepper n. 胡椒粉 , 胡椒 ; 辣椒  "
1571,"perceive v. 察觉 , 感知 ; 理解 , 领悟  "
1572,"perfume n. 香味 , 芳香 ; 香料  v. 使发香 , 洒香水于  "
1573,"perish v. 丧生 ; 凋谢 ; 毁灭 , 消亡  "
1574,permeate v. 弥漫，遍布，散布；渗入，渗透  
1575,"permit v. 许可 , 允许  n. 许可证 , 执照  "
1576,"perpetual a. 永久的 , 永恒的 , 长期的  "
1577,persecute v. 迫害  
1578,"persevere v. 坚持 , 坚忍 , 不屈不挠  "
1579,"personnel n. 全体人员 , 全体职员 ; 人事 ( 部门 ) "
1580,"perspective n. 透视画法 , 透视图 ; 远景 , 前途 ; 观点 , 看法  "
1581,pessimistic a. 悲观 ( 主义 ) 的  
1582,pest n. 害虫  
1583,"petition n. 请愿书 , 申请书  v.( 向 …) 请愿 , 正式请求  "
1584,petroleum n. 石油  
1585,"petty a. 小 ( 器、规模 ) 的 , 不重要的 , 细微的 , 卑鄙的  "
1586,"pharmacy n. 药房 , 药剂学 , 制药业 , 配药业 , 一批备用药品  "
1587,"philosopher n. 哲学家 , 哲人  "
1588,"philosophy n. 哲学 , 哲理 , 人生观 , 价值观 , 世界观  "
1589,physician n. 内科医生  
1590,physicist n. 物理学家  
1591,physics n. 物理 ( 学 ) 
1592,"physiological a. 生理学的 ,  生理学上的  "
1593,"pierce v. 剌穿 , 刺破  "
1594,pigeon n. 鸽  
1595,"pilgrim n.( 在国外 ) 旅游者 ; 朝圣者 , 最初的移民  "
1596,"pillar n. 柱 , 台柱 , 栋梁  "
1597,"pinch v. 捏 , 掐 , 拧 ; 收缩 ; 紧急关头 ; 匮乏 ; 压力  "
1598,pine n. 松树  
1599,pink n. 粉红色  a. 粉红色的  
1600,pint n. 品脱  
1601,"pioneer n. 先驱 , 倡导者 , 开拓者  "
1602,"pipe n. 管子 , 导管 ; 烟斗 ; 笛  "
1603,"pirate n./v. 海盗 , 盗版 ( 者 ) "
1604,pistol n. 手枪  
1605,piston n. 活塞  
1606,"pit n. 坑 , 陷阱 ; 煤矿 , 矿井  "
1607,"pitch n. 沥青 ; 掷  v. 用沥青覆盖 ; 投掷 , 扔  "
1608,"plague n. 瘟疫 , 灾害 , 麻烦 , 苦恼  vt. 折磨 , 使苦恼  "
1609,plantation n. 种植园  
1610,plaster n. 灰泥 ; 熟石膏 ; 膏药  
1611,"plastic n.( 常 pl.) 塑料 , 塑料制品  a. 可塑的 , 塑性的  "
1612,"plate n. 金属板 , 片 ; 盘子 , 盆子 ; 板 , 钢板 v. 镀 , 电镀  "
1613,"plateau n. 高原 , 平稳状态 [ 时期 ] "
1614,"platform n. 平台 , 台 ; 站台 , 月台 ; 政纲 , 党纲  "
1615,"plausible a. 似是而非的 , 似乎合理的 , 似乎可信的  "
1616,plea n.( 法律 ) 抗辩；请求，恳求，托词，口实  
1617,"plead v. 恳求 , 请求 ; 为 … 辩护 ; 提出 … 为理由  "
1618,pledge n. 誓约 ; 保证  v. 发誓 ; 保证  
1619,"plentiful a. 富裕的 , 丰富的  "
1620,"plenty n. 丰富 , 大量  "
1621,"plight n. 情况 , 状态 , 困境 , 盟誓 ( 婚姻 ) v. 保证 , 约定  "
1622,"plot n. 秘密计划 ; 情节  v. 标绘 , 绘制 ; 密谋 , 策划  "
1623,"plough n.(plow) 犁 , 耕地 , 犁过的地  v. 犁 , 费力地前进  "
1624,"plug n. 塞子 , 插头  v. 堵 , 塞 , 插上 , 插栓  "
1625,plumber n.( 装修水管的 ) 管子工  
1626,"plunge v.(into)( 使 ) 投入 ,( 使 ) 插进 , 陷入 ; 猛冲  "
1627,plural a. 复数的  n. 复数  
1628,pneumonia n. 肺炎  
1629,"poetry n. 诗歌 , 诗集  "
1630,"poke n. 刺 , 戳 , 懒汉 , 袋子  v. 戳 , 刺 , 伸出 , 刺探 , 闲荡  "
1631,"pole n. 柱 , 杆 ; 地极 , 磁极 , 电极  "
1632,"politician n. 政治家 , 政客  "
1633,poll n. 民意测验 ;(pl.) 政治选举  v. 获得 … 选票  
1634,pond n. 池塘  
1635,"ponder v. 沉思 , 考虑  "
1636,pop a. 流行的 n.( 发出 ) 砰的一声  v. 突然出现  
1637,"pope n. 罗马教皇 , 主教 , 大腿上要害部位  "
1638,"porcelain n. 瓷器  a. 精制的 , 瓷器的  "
1639,"porch n. 门廊 , 入口处  "
1640,"porter n. 守门人 , 门房 , 行李搬运工 , 服务员  "
1641,"portrait n. 肖像 , 画像  "
1642,portray v. 描写，描述；画 ( 人物、景象等 ) 
1643,"possess v. 占有 , 拥有  "
1644,"possession n. 持有 , 拥有 ; 所有权 ; 所有物 ;(pl.) 财产 , 财富  "
1645,"post v. 贴出 ; 公告 ; 投寄  n.( 支 ) 柱 ; 邮政 , 邮寄 ; 职位  "
1646,"postpone v. 推迟 , 延期  "
1647,"posture n. 姿势 , 姿态 , 心态 , 态度  v. 作出某种姿势  "
1648,"pot n. 罐 , 壶  "
1649,poultry n. 家禽  
1650,"powder n. 粉末 , 药粉 ; 火药 , 炸药  "
1651,"practically ad. 几乎 , 实际上 , 简直  "
1652,practitioner n. 实践者，从事者； ( 医生或律师等 ) 开业者  
1653,"praise v. 赞扬 , 歌颂 ; 表扬  n. 称赞 , 赞美 ; 赞美的话  "
1654,"pray v. 请求 , 恳求 ; 祈祷 , 祈求  "
1655,"preach v. 宣讲 ( 教义 ), 布道 ; 竭力鼓吹 , 宣传 ; 说教  "
1656,"precaution n. 预防 , 谨慎 , 警惕  "
1657,"precede v. 领先 ( 于 ), 在 (… 之前 ); 优先 , 先于  "
1658,precedent n. 先例  
1659,"preceding a. 在前的 , 在先的  "
1660,"precious a. 珍贵的 , 贵重的  "
1661,"precise a. 精确的 , 准确的  "
1662,"precision n. 精确 , 精确度  "
1663,"preclude v. 排除 , 阻止 , 妨碍  "
1664,predecessor n. 前辈，前任  
1665,"predominant a.(over) 占优势的 ; 主要的 , 突出的  "
1666,"preface n. 序言 , 引言 , 前言  v. 作序 , 写前言  "
1667,"pregnant a. 怀孕的 , 孕育的 , 充满的 , 意味深长的  "
1668,"preliminary a. 预备的 , 初步的  "
1669,"premise n. 前提 , 房屋连地基 v. 提论 , 预述 , 假定  "
1670,"premium n. 额外费用 , 奖金 , 奖赏 , 保险费  "
1671,"preparation n. 准备 , 预备 ; 制剂 , 制备品  "
1672,preposition n. 介词  
1673,"prescribe v. 指示 , 规定 ; 处 ( 方 ), 开 ( 药 ) "
1674,"prescription n. 药方 , 处方  "
1675,"presently ad. 一会儿 , 不久 ; 现在 , 目前  "
1676,"preserve v. 保护 , 维持 ; 保存 , 保藏  "
1677,"preside v.(at,over) 主持  "
1678,"prestige n. 声望 , 威望 , 威信  "
1679,"presumably ad. 推测起来 , 大概  "
1680,"prevail v.(over,against) 取胜 , 占优势 ; 流行 , 盛行  "
1681,"prevalent a. 流行的 , 普遍的  "
1682,"prey n. 被掠食者 , 牺牲者 , 掠食  v. 捕食 , 掠夺 , 折磨  "
1683,"prick n./v. 刺伤 , 刺痛 , 刺孔  "
1684,"priest n. 教士 , 神父  "
1685,"prince n. 王子 , 亲王  "
1686,"princess n. 公主 , 王妃  "
1687,"principal a. 最重要的 , 主要的 n. 负责人 , 校长 ; 资本 , 本金"
1688,"principle n. 原理 , 原则 ; 主义 , 信念  "
1689,privacy n.( 不受干扰的 ) 独处，自由，隐私；私生活  
1690,"privilege n. 特权 , 优惠 , 特许  v. 给予优惠 , 给予特权  "
1691,"probe n. 探针 , 探测器  v.( 以探针等 ) 探查 , 穿刺 , 查究"
1692,"procedure n. 程序 , 手续 , 步骤  "
1693,"proceed v. 进行 , 继续下去 ; 发生  "
1694,"proceeding n. 行动 , 进行 ,(pl.) 会议录 , 学报  "
1695,"process n. 过程 , 进程 ; 工序 , 制作法 ; 工艺  v. 加工 , 处理"
1696,"procession n. 队伍 , 行列  "
1697,"proclaim v. 宣告 , 声明  "
1698,"productive a. 生产 ( 性 ) 的 , 能产的 , 多产的  "
1699,productivity n. 生产率  
1700,"profession n. 职业 , 专业 , 表白 , 宣布  "
1701,"proficiency n.(in) 熟练 , 精通  "
1702,"profile n. 侧面 ( 像 ); 轮廓 , 外形 ; 人物简介  "
1703,"profitable a. 有利可图的 , 有益的  "
1704,"progressive a. 进步的 , 先进的 ; 前进的  "
1705,"projector n. 放映机 , 幻灯机 , 投影仪  "
1706,"prominent a. 突起的 , 凸出的 ; 突出的 , 杰出的  "
1707,"promising a. 有希望的 , 有前途的  "
1708,"prompt a. 敏捷的 , 迅速的 , 即刻的  v. 激起 , 促进 , 推动  "
1709,"prone a. 倾向于 , 俯伏的 , 倾斜的 , 陡的  "
1710,"pronounce v. 发 … 的音 ; 宣布 , 宣判  "
1711,"proof n. 证据 , 证明 ; 校样 , 样张  "
1712,propaganda n. 宣传 ( 机构 ) ； [ 天主教 ] 传道总会  
1713,propel vt. 推进，推动；激励，驱使  
1714,"property n. 财产 , 资产 , 地产 , 房地产 , 所有物 ; 性质 , 特性"
1715,prophet n. 预言家；先知；提倡者  
1716,"proposal n. 提议 , 建议 ; 求婚  "
1717,"propose v. 提议 , 建议 ; 提名 , 推荐 ; 求婚  "
1718,prose n. 散文  a. 散文的  
1719,prosecute vt. 实行，从事  v. 起诉，告发  vi. 作检察官  
1720,"prosper v. 成功 , 兴隆 , 昌盛 , 使成功 , 使昌隆 , 繁荣  "
1721,"prosperity n. 繁荣 , 兴旺  "
1722,"prosperous a. 繁荣的 , 兴旺的 , 茂盛的 , 顺利的  "
1723,"protect v.(from) 保护 , 保卫  "
1724,protein n. 蛋白质  
1725,"protest v./n. 主张 , 断言 , 抗议 , 反对  "
1726,prototype n. 原型；典型，范例  
1727,"provided conj. 倘若 , 只要 , 假如  "
1728,"provision n. 供应 ,( 一批 ) 供应品 ; 预备 ; 条款 ;(pl.) 给养  "
1729,provoke v. 挑动 ; 激发 ; 招惹  
1730,"prudent a. 谨慎的 , 智慧的 , 稳健的 , 节俭的  "
1731,psychiatry n. 精神病学，精神病疗法  
1732,"psychology n. 心理 , 心理学 , 心理状态  "
1733,pub n.( 英国 ) 小酒店；小旅馆  
1734,"puff n. 一阵 , 一股 ( 气味等 ); 喘息 ; 吹嘘 v. 喘息 , 鼓吹"
1735,"pulse n. 脉搏 , 脉冲  "
1736,"pump n. 泵  v. 用 ( 泵 ) 抽 ( 水 ); 打气 , 泵送  "
1737,"punch n. 冲压机 , 冲床 ; 穿孔机  v. 冲压 , 穿孔  "
1738,"punctual a. 严守时刻的 , 准时的 , 正点的  "
1739,"pupil n. 学生 , 小学生 ; 瞳孔  "
1740,"puppet n. 木偶 , 傀儡  "
1741,"purchase v. 买 , 购买  n. 购买的物品  "
1742,"purify v. 使纯净 , 提纯  "
1743,purple a. 紫的  n. 紫色  
1744,"pursue v. 追赶 , 追踪 ; 继续 , 从事  "
1745,"pursuit n. 追赶 , 追求 ; 职业 , 工作  "
1746,pyramid n. 金字塔  
1747,"qualification n. 资格 , 合格 ; 限定 , 条件 ; 合格证  "
1748,"qualify v.( 使 ) 具有资格 , 证明合格 ; 限制 , 限定 ; 修饰  "
1749,quantify v. 确定数量  
1750,"quantitative a. 数量的 , 定量的  "
1751,"quantity n. 量 , 数量 ; 大量  "
1752,"quarrel v. 争吵 , 争论  n. 争吵 , 争吵的原因  "
1753,quart n. 夸脱  
1754,"queen n. 女王 , 皇后 , 王后  "
1755,"queer a. 奇怪的 , 古怪的  "
1756,"quench v. 熄灭 , 扑灭 , 压制 , 抑制 , 止渴  "
1757,quest n. 探寻，探求；寻求，追求  
1758,"questionnaire n. 调查表 , 问卷  "
1759,quilt n. 被子  
1760,"quiz n. 小型考试 , 测验 , 问答比赛  "
1761,quota n.( 生产、进出口等的 ) 配额， ( 移民的 ) 限额  
1762,"quote v. 引用 , 援引  "
1763,"racial a. 种的 , 种族的  "
1764,"rack n. 挂物架 , 搁物架  v. 使痛苦 , 折磨  "
1765,racket n. 球拍  
1766,radar n. 雷达  
1767,"radiant a. 发光的 , 辐射的 , 容光焕发的  "
1768,"radiate v. 放射 , 辐射 ; 散布 , 传播  "
1769,"radical a. 基本的 , 重要的 ; 激进的 , 极端的 ; 根本的  "
1770,"radioactive a. 放射性 , 放射引起的  "
1771,"radius n. 半径 , 半径范围 , 有效航程 , 范围 , 界限  "
1772,"rag n. 抹布 , 破布 , 碎布  "
1773,rage n. 愤怒  
1774,"raid n/v.. 袭击 , 搜查  "
1775,"rail n. 栏杆 , 围栏 ;(pl.) 铁路 ; 铁轨 ; 横杆 , 栏杆  "
1776,"rake n. 耙子 , 耙机  v. 耙 ; 搜索 , 探索  "
1777,"rally v. 重整 , 恢复 , 振作  n. 聚集 , 集会 , 拉力赛  "
1778,"random a. 随机的 , 随意的  n. 随机 , 随意  "
1779,"rap n. 叩击 , 轻拍 , 斥责  v. 敲 , 拍 , 打 , 斥责 , 使着迷  "
1780,"rape n./vt. 掠夺 , 蹂躏 , 强奸  "
1781,"rash a. 轻率的 , 鲁莽的  n. 皮疹  "
1782,rat n. 鼠  
1783,"ratio n. 比 , 比率  "
1784,"rational a. 理性的 , 合理的  "
1785,"raw a. 未煮过的 , 生的 ; 未加工过的 , 未经训练的  "
1786,"ray n. 光线 , 射线  "
1787,razor n. 剃刀  
1788,"readily ad. 容易地 ; 乐意地 , 欣然地  "
1789,"realm n. 王国 , 国土 ; 领域  "
1790,"rear n. 后面 , 背后 , 后方  v. 饲养 , 抚养 , 栽培 , 举起  "
1791,"rebel v. 反抗 , 反叛 , 起义  n. 叛逆者 , 起义者  "
1792,"rebellion n. 叛乱 , 反抗 , 起义  "
1793,"recede v. 退回 , 后退 ; 收回 , 撤回 ; 跌落 , 缩减 , 贬值  "
1794,"receipt n. 收据 , 收条 ; 收到 , 接到  "
1795,"recipient a. 接受的 , 感受性强的  n. 接受者 , 感受者 , 容器"
1796,"reciprocal a. 相互的 , 往复的 , 互利的  "
1797,"recite v. 背诵 , 朗诵  "
1798,"reckless a. 不注意的 , 大意的 , 卤莽的 , 不顾后果的  "
1799,"reckon v. 计算 , 总计 , 估计 , 猜想 , 依赖  "
1800,"reclaim v. 要求归还 , 收回 ; 开垦  "
1801,"recollect v. 回忆 , 想起 , 记起 , 忆起 , 记得  "
1802,"reconcile v. 使和好 , 调解 , 使调和 ;(to,with) 使一致  "
1803,"recovery n. 痊愈 , 复元 ; 重获 , 恢复  "
1804,recruit v. 征募 ( 新兵 ) ，吸收；补充  n. 新成员，新兵  
1805,"rectangle n.[ 数 ] 矩形 ,  长方形  "
1806,"rectify v. 纠正 , 整顿 , [ 化 ] 精馏  "
1807,recur v.( 尤指不好的事 ) 一再发生；重现  
1808,"reduction n. 减小 , 减少 , 缩小  "
1809,"redundant a. 多余的 , 过剩的 ;( 食物 ) 丰富的 ; 被解雇的  "
1810,"reed n. 芦苇 , 苇丛 ; 芦笛 , 牧笛  "
1811,"reel n. 卷筒 , 线轴  v. 卷 , 绕  "
1812,"refer v. 参考 , 查询 ; 提到 , 引用 , 涉及 ; 提交 , 上呈  "
1813,"refine v. 精炼 , 精制 , 提纯 ; 使文雅 , 使高尚  "
1814,"refreshment n.(pl.) 点心 , 饮料 ; 精力恢复 , 爽快  "
1815,"refuge n. 避难处 , 藏身处  "
1816,refugee n.( 政治上的 ) 避难者，难民  
1817,"refund n. 归还 , 偿还额 , 退款  v. 退还 , 偿还 , 偿付  "
1818,"refusal n. 拒绝 , 回绝  "
1819,"refute v. 反驳 , 驳斥  "
1820,"regarding prep. 关于 , 有关  "
1821,"regardless a./ad. 不管 … 的 , 不顾 … 的 , 不注意的  "
1822,"regime n. 政体 , 制度  "
1823,"reign n./v. 统治 , 支配 , 盛行  n. 统治时期  v. 占优势  "
1824,"rein n. 缰绳 , 统治 , 支配  v. 驾驭 , 控制 , 统治  "
1825,"rejoice v.( 使 ) 欣喜 ,( 使 ) 高兴  "
1826,"relay v. 中继 , 转播 , 接力  n. 接替人员 , 替班  "
1827,"reliable a. 可靠的 , 可信赖的 , 确实的  "
1828,"reliance n. 信任 , 信心 , 依靠 , 依靠的人或物  "
1829,"relish n. 美味 , 味道 , 调味品 , 食欲 , 乐趣  v. 喜欢 , 品味  "
1830,"remark n.(about,on) 评语 , 意见  v.(on) 评论 ; 注意到  "
1831,"remarkable a. 值得注意的 ; 显著的 , 异常的 , 非凡的  "
1832,"remedy n. 药品 ; 治疗措施  v. 治疗 , 医治 ; 纠正 , 补救  "
1833,"remnant n. 剩余 ( 物 ), 零料 , 遗迹 [ 风 ] a. 剩余的 , 残留的  "
1834,"removal n. 移动 , 迁居 ; 除去  "
1835,renaissance n.[the r-] 文艺复兴 ( 时期 ) ；新生，复兴  
1836,"render v. 使得 , 致使 ; 提出 , 提供 , 呈报  "
1837,"renovate v. 更新 , 修复  "
1838,"repeatedly ad. 重复地 , 再三地  "
1839,"repel v. 击退 , 抵制 , 使厌恶 , 使不愉快  "
1840,"repertoire n. 节目 , 全部剧目 , 保留剧目 , 全部技能  "
1841,"repetition n. 重复 , 反复  "
1842,"replace vt. 取代 , 替换 , 代替 , 把 ... 放回原处  "
1843,"replacement n. 取代 , 替换 , 替换物 , 代替物  "
1844,"reply v./n.(to) 回答 , 答复 , 以 … 作答  "
1845,"represent v. 描述 , 表示 ; 代表 , 代理 ; 阐明 , 说明  "
1846,"representative n. 代表 , 代理人  a.(of) 典型的 , 有代表性的  "
1847,repression n. 压抑，压制，镇压  
1848,"reproach v. /n. 责备 , 指责  "
1849,"reproduce v. 生殖 ; 翻版 ; 繁殖 ; 复制 , 仿造  "
1850,reptile n. 爬行动物  
1851,"republic n. 共和国 , 共和政体  "
1852,republican a. 共和的  
1853,"requirement n.(for) 需要 , 需要的东西 , 要求  "
1854,"resemblance n. 相似 , 相似性 [ 点 , 物 ] "
1855,"resemble v. 像 , 类似  "
1856,"resent v. 对 … 表示忿恨 , 怨恨  "
1857,"reserve n. 储备 ( 物 ), 储备金 ; 缄默  v. 保留 , 储备 ; 预定  "
1858,"reservoir n. 水库 , 蓄水池  "
1859,"residence n. 住处 , 住宅  "
1860,"resolute a. 坚决的 , 果断的  "
1861,"resolution n. 坚决 , 决心 ; 决定 , 决议  "
1862,"resolve v. 决心 ;( 使 ) 分解 , 溶解 ; 决议  n. 解决 ; 决心  "
1863,"resort v. 凭借 , 求助 , 诉诸 n. 度假胜地 , 常去之处 , 手段  "
1864,"respective a. 各自的 , 各个的  "
1865,restless a. 得不到休息的 ; 不平静的 ; 坐立不安的  
1866,"restore v. 恢复 , 使回复 ; 归还 , 交还 ; 修复 , 重建  "
1867,"retention n. 保留 , 保持 , 保持力 , 记忆力  "
1868,"retort n./v. 报复 , 反击 , 反驳  "
1869,retrieve vt. 重新得到，取回；挽回，补救；检索  
1870,retrospect v. /n. 回顾，回想，追溯 [ 反 ]foresee 
1871,"reveal v. 展现 , 显示 , 揭示 , 揭露 , 告诉 , 泄露  "
1872,"revelation n. 揭示 , 揭露 , 显示 , 启示 , 新发现 , 被揭露的事  "
1873,"reverse n. 相反 ; 背面  a. 相反的  v. 颠倒 , 倒转  "
1874,"revise v. 修订 , 校订 ; 修正 , 修改  "
1875,revive v. 恢复 ;( 使 ) 复苏  
1876,"revolt v. /n. 反抗 , 起义  "
1877,"revolve v.( 使 ) 旋转 ; 考虑 ; 【天】公转 , 循环  "
1878,"rhythm n. 节奏 , 韵律  "
1879,"rib n. 肋骨 , 肋状物  "
1880,"ribbon n. 缎带 , 丝带 , 带 , 带状物  "
1881,"riddle n. 谜 , 谜语  "
1882,"ridge n. 岭 , 山脉 ; 屋脊 ; 鼻梁  "
1883,rifle n. 步枪  
1884,rigid a. 刚性的 ; 刻板的 ; 严厉的  
1885,"rigorous a. 严格的 , 严厉的 , 严酷的 , 严密的 , 严谨的  "
1886,"rim n.( 圆物的 ) 边 , 边缘 ;( 眼镜 ) 框  "
1887,"riot n. 暴 ( 骚 ) 乱 , 蔓延 , 彩色缤纷  v. 骚乱 , 暴动  "
1888,"rip v. 撕 , 剥 , 劈 , 锯 , 裂开 , 撕裂  n. 裂口 , 裂缝  "
1889,"ripe a. 熟的 , 成熟的 ;(for) 时机成熟的  "
1890,"ritual a. 宗教仪式的 , 典礼的  n.( 宗教 ) 仪式 , 典礼  "
1891,"roast v. 烤 , 炙 , 烘  "
1892,"robe n. 长袍 , 上衣  "
1893,"robust a. 强健的 , 雄壮的 , 精力充沛的 , 坚固的 , 浓的  "
1894,"rod n. 杆 , 棒  "
1895,"rot v.( 使 ) 腐烂 ,( 使 ) 腐败 , 腐朽  "
1896,rotary a. 旋转的  
1897,rotate v.( 使 ) 旋转  
1898,"rotten a. 腐烂的 , 腐朽的  "
1899,"rough a. 粗糙的 ; 粗略的 , 大致的 ; 粗野的 , 粗暴的  "
1900,"roundabout a. 迂回的 , 转弯抹角的  n. 环状交叉路口  "
1901,"route n. 路线 , 路程  "
1902,"routine n. 例行公事 , 常规  a. 常规的 , 例行的  "
1903,row n.( 一 ) 排， ( 一 ) 行；吵嚷  v. 划 ( 船等 ) ，荡桨  
1904,"rub v. 擦 , 摩擦  "
1905,"rubber n. 橡皮 , 橡胶 ; 橡胶制品 , 胶鞋  "
1906,ruby n. 红宝石  
1907,rug n.( 小 ) 地毯 ; 围毯  
1908,"rumor n.(rumour) 传闻 , 谣言  "
1909,rust n. 铁锈  v.( 使 ) 生锈  
1910,"ruthless a. 残酷的 , 无情的  "
1911,"sack n. 袋 , 包 , 麻袋  v. 解雇  "
1912,"saddle n. 鞍 , 马鞍 , 鞍状物  "
1913,"safeguard v. 维护 , 保护 , 捍卫  n. 安全装置 , 安全措施  "
1914,"saint n. 圣人 , 基督教徒 ;(s- 或 st. 用于人 , 地名前 ) 圣  "
1915,"sake n. 缘故 , 理由  "
1916,"salute v. /n. 敬礼 , 鸣礼炮 ; 迎接 , 欢迎  "
1917,"salvation n. 拯救 , 救助 ; 救济 ( 者 , 品 ), 救助工具 ; 救世主  "
1918,"sanction n./v. 批准 , 同意 , 支持 , 认可  n. 处罚 , 制裁  "
1919,"sane a. 心智健全的 , 神志清醒的 , 明智的 , 稳健的  "
1920,sarcastic a. 讽刺的  
1921,"satellite n. 卫星 , 人造卫星 ; 附属物  "
1922,"satire n. 讽刺 , 讽刺文学 , 讽刺作品  "
1923,saturate vt. 使湿透，浸透；使充满，使饱和  
1924,"scale n. 刻度 ; 天平 , 磅秤 ; 比例尺 ; 规模 ; 音阶 ; 鱼鳞  "
1925,"scandal n. 丑闻 , 诽谤 , 耻辱 , 流言蜚语 , 反感 , 公愤  "
1926,"scarce a. 缺乏的 , 不足的 ; 稀少的 , 罕见的  "
1927,"scarcely ad. 几乎不 , 简直没有 , 勉强  "
1928,"scarf n. 围巾 , 头巾 , 领巾 , 领带  "
1929,"scatter v. 散开 , 驱散 ; 散布 , 散播  "
1930,"scene n. 景色 , 景象 , 舞台 ;( 戏 ) 一场  "
1931,"scenery n. 风景 , 舞台布景  "
1932,"scent n. 气味 , 香味 , 香水 , 线索 , 嗅觉  v. 嗅 , 发觉  "
1933,"scheme n. 计划 , 方案 ; 阴谋 ; 配置  v. 计划 , 策划 ; 阴谋  "
1934,scholar n. 学者  
1935,scissors n. 剪子  
1936,"scorn v. /n. 轻蔑 , 藐视  "
1937,"scout n. 侦察员 , 侦察机 ( 舰 ) v. 搜索 , 侦察  "
1938,scramble vi.( 快速地 ) 爬，攀登；互相争夺，争先  
1939,"scrap n. 碎片 ; 废料  v. 废弃 , 报废  "
1940,"scrape v. 刮 ( 掉 ), 擦过 , 勉强通过  n. 刮 , 擦痕 , 刮擦声  "
1941,"screw n. 螺旋 , 螺丝 ( 钉 ) v. 拧 , 拧紧  "
1942,script n. 剧本 ( 原稿 ) ；手稿，原稿；笔迹，手迹  
1943,scrutiny n. 周密的调查；仔细看；监视；选票复查  
1944,sculpture n. 雕刻 ( 术 ) ，雕塑 ( 术 ) ；雕刻作品  
1945,"seal n. 封铅 , 封条 ; 印 , 图章 ; 海豹  v. 封 , 密封  "
1946,"seam n. 缝 , 接缝  "
1947,sector n. 部门，部分；防御地段，防区；扇形  
1948,"secure a.(from,against) 安全的 , 放心的 v. 得到 ; 防护  "
1949,seemingly ad. 外观上，表面上  
1950,"segment n. 段 , 片 , 节 , 部分  "
1951,segregate vt. 使 ・・・ 分开，隔离（病患等）  
1952,semester n. 学期  
1953,semiconductor n. 半导体  
1954,"seminar n.( 大学的 ) 研究班 , 研讨会  "
1955,"senate n. 参议院 , 上院  "
1956,senator n. 参议员  
1957,Senior a. 年长的 ; 地位较高的  n.( 大学 ) 四年级学生  
1958,"sensation n. 感觉 , 知觉 ; 激动 , 轰动 , 轰动一时的事情  "
1959,"sense n. 感官 ; 感觉 ; 判断力 ; 意义  v. 觉得 , 意识到  "
1960,"sensible a. 明智的 , 达理的 ; 可觉察的 , 明显的  "
1961,"sensitive a.(to) 敏感的 , 易受伤害的 ; 灵敏的  "
1962,"sentence n. 句子 ; 判决 , 宣判  v. 宣判 , 判决  "
1963,sentiment n. 感情，柔情；看法；感觉  
1964,"sequence n. 先后 , 次序 ; 连续 , 数列  "
1965,serial n. 连载小说，连续剧；连载刊物  a. 连续的  
1966,"serious a. 严肃的 ; 主要的 ; 严重的 , 危急的 ; 认真的  "
1967,servant n. 仆人  
1968,"session n.( 一届 ) 会议 , 一段时间  "
1969,setting n. 安置 ; 落山 ;( 固定东西的 ) 柜架底座 ; 环境  
1970,"severe a. 严厉的 ; 剧烈的 , 严重的 , 严峻的 , 艰难的  "
1971,"sew v. 缝 , 缝纫  "
1972,"shabby a. 简陋的 , 破旧的 , 卑鄙的 , 不公平的  "
1973,"shade n. 荫 , 阴影 ; 遮光物 , 罩  v. 遮蔽 , 遮光  "
1974,"shady a. 成荫的 , 多荫的 ; 可疑的 , 靠不住的  "
1975,shaft n. 轴 ; 杆状物  
1976,"shallow a. 浅的 , 浅薄的  n. 浅滩 , 浅处  "
1977,sham n./a. 假冒 ( 的 ) ，虚伪 ( 的 ) 
1978,shatter n. 碎片；粉碎  v. 粉碎；使疲惫；使震骇  
1979,"shave v. 剃 , 刮 , 刨 , 削  n. 刮脸  "
1980,"shear v. 剪 , 修剪  "
1981,"shed v. 流出 ; 发散 , 散发 , 脱落 , 脱去  n. 棚 , 小屋  "
1982,"sheer a. 纯粹的 , 十足的 , 全然的 ; 陡峭的 , 险峻的  "
1983,"shelf n. 架子 , 搁板  "
1984,"shepherd n. 牧民 , 牧羊人  "
1985,"shield n. 防护物 , 护罩 ; 盾 , 盾状物  v. 保护 , 防护  "
1986,shilling n. 先令  
1987,"shiver v. /n. 战栗 , 发抖  "
1988,shorthand n. 速记  
1989,shortly ad. 立刻，不久；不耐烦地，简慢地  
1990,"shot n. 开枪 , 射击 ; 投篮 ; 弹丸 , 炮弹 , 子弹  "
1991,shove vt. 乱推；乱塞 vi. 用力推，挤 n. 猛推  
1992,"shrewd a. 机灵的 , 敏锐的 ; 精明的  "
1993,shrug vt./n. 耸肩 ( 表示冷淡、怀疑、无奈、不满等 ) 
1994,shutter n. 百叶窗； ( 照相机 ) 快门；关闭装置  
1995,shuttle n. 往返汽车 / 列车 / 飞机；穿梭  v. 往返穿梭  
1996,siege n. 包围，围攻，围困  
1997,"signature n. 签名 , 署名 , 签字  "
1998,"significance n. 意义 , 含义 ; 重要性 , 重要的  "
1999,"significant a. 有意义的 ; 重大的 , 重要的  "
2000,"signify v. 表示 , 意味 ; 要紧 , 有重要性  "
2001,"silk n. 丝 , 绸  "
2002,silver n. 银 ; 银器 ; 银币  v. 镀银  
2003,"simplicity n. 简单 , 简易 ; 朴素 ; 直率 , 单纯  "
2004,"simplify v. 简化 , 使单纯  "
2005,"simultaneous a. 同时的 , 同时存在的  "
2006,"sin n. 罪 , 罪恶  v. 犯罪  "
2007,"sincere a. 诚挚的 , 真实的 , 诚恳的  "
2008,"singular a. 非凡的 , 卓越的 ; 单数的  "
2009,"siren n. 警报声 , 警报器  "
2010,"skeleton n. 骨骼 ; 骨架 , 框架 ; 梗概 , 提要  "
2011,"sketch n. 素描 ; 略图 , 草图 ; 梗概  v. 绘略图 , 速写 , 写生  "
2012,ski n. 雪橇  v. 滑雪  
2013,skim vt. 撇去 ( 液体表面 ) 之漂浮物  vi. 轻轻掠过  
2014,skull n. 头盖骨，颅骨  
2015,skyscraper n. 摩天大楼  
2016,slam v.( 门、窗等 ) 砰地关上  n. 猛然关闭的声音  
2017,"slap n./v. 拍 , 掌击  "
2018,slaughter n. 屠杀，屠宰  vt. 屠杀，宰杀  
2019,sleeve n. 袖子  
2020,"slender a. 修长的 , 细长的 , 苗条的 ; 微小的 , 微薄的  "
2021,"slippery a. 滑的 , 滑溜的  "
2022,"slit v. 切开 , 截开 , 纵割  n. 细长裂缝 , 狭长切口  "
2023,"slogan n. 标语 , 口号  "
2024,"slope n. 斜坡 , 斜面 ; 倾斜 , 斜度  v.( 使 ) 倾斜  "
2025,"slum n. 贫民窟 , 贫民区 , 陋巷  "
2026,"sly a. 狡猾的 , 偷偷摸摸的  "
2027,"smash v. /n. 打碎 , 粉碎  "
2028,smuggle v. 走私 ; 偷运  
2029,snap v. 啪地移动； ( 使）突然断开，断开（成两截 )
2030,"snatch n./v. 攫取 , 抢夺  "
2031,sneeze vi. 打喷嚏，发喷嚏声 n. 喷嚏  
2032,sniff vi. 嗅 … 味道；抽鼻涕；对嗤之以鼻，蔑视  
2033,"soak v. 浸泡 , 浸湿 , 浸透  "
2034,soar vi.( 指鸟等 ) 高飞，翱翔；飞涨；高耸  
2035,"sob v. /n. 哭泣 , 呜咽  "
2036,"sober a. 清醒的 ; 认真的 , 冷静的 , 适度的  "
2037,sociable a. 好交际的，友好的，合群的  
2038,socialism n. 社会主义  
2039,sociology n. 社会学  
2040,sock n.(pl.) 短袜  
2041,"soda n. 苏打 , 汽水  "
2042,"solar a. 太阳的 , 日光的  "
2043,"sole a. 单独的 , 唯一的  n. 脚垫 , 鞋底  "
2044,"solemn a. 庄严的 , 隆重的 ; 严肃的  "
2045,"solid a. 固体的 ; 结实的 , 稳固的 , 可靠的  n. 固体  "
2046,solidarity n. 团结；休戚相关  
2047,solitary a.( 好 ) 孤独的；偏僻的；单一的，唯一的  
2048,solo n. 独奏  a.&ad. 单独的 ( 地 ) ；独唱的 ( 地 ) 
2049,soluble a. 可溶的  
2050,"sophisticated a. 尖端的 , 复杂的 , 先进的 ; 老练的 , 老于世故的  "
2051,sophomore ( 中学、大学 ) 二年级学生  
2052,"sore a. 疼痛的 ; 痛心的  n. 痛处 , 疮口  "
2053,sour a. 酸的 ; 发酸的 ; 酸痛的 ; 脾气坏的 ; 刻薄的  
2054,sovereign a. 独立的，有主权的  n. 君主，国王，统治者  
2055,sow v. 播种  
2056,spacious adj. 广阔的，宽敞的  
2057,"spade n. 铁锹 , 铲子  "
2058,"sparkle v. 发火花 , 闪耀  "
2059,speciality n.(specialty) 特性，性质；专业 / 长；特产  
2060,"specialize v.(specialise)(in) 专攻 , 专门研究 , 专业化  "
2061,"specification n. 详述 ;( 常 pl.) 规格 , 说明书 , 规范  "
2062,"specify v. 指定 , 详细说明  "
2063,"specimen n. 标本 , 样本  "
2064,"spectacle n.(pl.) 眼镜 ; 场面 , 景象 ; 奇观 , 壮观  "
2065,"spectacular a. 壮观的 , 引人注目的  n. 壮观的演出  "
2066,"spectator n. 观众 , 旁观者  "
2067,spectrum n. 谱，光谱，频谱；范围，幅度，系列  
2068,speculate vi. 思索；推测 vt. 投机；思索，推测  
2069,"sphere n. 球 , 球体 ; 范围 , 领域  "
2070,spicy a. 加很多香料的； ( 口味 ) 浓郁的  
2071,"spill v. 溢出 , 溅出  n. 摔下 , 跌下  "
2072,"spin v. 旋转 ; 纺纱 ; 织网 , 吐丝  n. 旋转 ; 自转  "
2073,spine n. 脊柱，脊椎； ( 动植物的 ) 刺；书脊  
2074,spiral a. 螺旋形的  n. 螺旋，螺线  v. 螺旋上升；盘旋  
2075,"spiritual a. 精神 ( 上 ) 的 , 心灵的  "
2076,"splash v. 溅 , 泼  n. 溅 , 飞溅声  "
2077,"splendid a. 壮丽的 , 辉煌的 ; 极好的  "
2078,"split v. 裂开 , 劈开 ; 分裂 , 分离  n. 分化 , 分裂 , 裂口  "
2079,"spoil v. 损坏 , 搞错 ; 宠坏 , 溺爱  "
2080,spokesman n. 发言人  
2081,"sponsor n. 发起人 , 主力者 , 保证人  v. 发起 , 主办  "
2082,"spontaneous a. 自发的 , 自然产生的  "
2083,spouse n. 配偶 ( 指夫或妻 ) 
2084,"spray n. 喷雾 , 飞沫 , 浪花 , 水花  v. 喷 , 喷射  "
2085,"spring v. 跳 , 跳跃  "
2086,"sprinkle n. 洒 , 喷 , 淋  "
2087,sprout vi. 发芽，抽条  vt. 使发芽  n. 新芽，嫩苗  
2088,"spur n. 靴刺 , 马刺 ; 刺激 , 刺激物  v. 刺激 , 激励  "
2089,"spy n. 间谍  v. 当间谍 , 刺探 ; 察觉 , 发现  "
2090,"squeeze v. 压榨 , 挤  n. 榨取 , 勒索  "
2091,squirrel n. 松鼠  
2092,"stab v. /n. 刺 , 戳  "
2093,"stack n. 堆 , 一堆  v. 堆积 , 堆起  "
2094,stadium n. 体育场  
2095,stagger vi. 摇晃着移动 ; 蹒跚  n. 摇晃不稳的动作 ; 蹒跚  
2096,"stain n. 污点 , 瑕疵  v. 沾污 ; 染色  "
2097,staircase n.(stairway) 楼梯  
2098,"stake n. 桩 , 标桩 ; 赌注 , 利害关系  "
2099,"stale n. 变质的 , 不新鲜的 ; 陈旧的 , 陈腐的  "
2100,stalk n. 茎，梗 vt. 悄悄地跟踪 vi. 高视阔步地走  
2101,"stall n. 货摊 ; 畜栏 , 厩  v.( 使 ) 停转 ,( 使 ) 停止  "
2102,staple n. 主要产品；名产；纤维；主要成分，主食  
2103,"starve v.( 使 ) 饿死 , 饿得慌 , 挨饿  "
2104,"state n. 状态 , 情况 ; 国 , 州  v. 陈述 , 说明  "
2105,"static a.(statical) 静态的 , 静力的  "
2106,"stationary a. 静止的 , 固定的  "
2107,stationery n. 文具  
2108,"statistical a. 统计的 , 统计学的  "
2109,"statue n. 塑像 , 雕像  "
2110,statute n. 成文法，法令，法规；章程，规则，条例  
2111,steak n. 牛排；大块肉 ( 或鱼 ) 片  
2112,"steam n. 水汽 , 蒸汽 , 水蒸气  v. 蒸发 ; 蒸 ; 用蒸汽开动  "
2113,"steamer n. 汽船 , 轮船  "
2114,"steep a. 陡峭的；险峻的；急剧升降的 vt. 浸泡 , 沉浸  "
2115,stem n. 茎，干  vt. 堵 ( 挡 ) 住  vi. 起源于，由 … 造成  
2116,stereo n. 立体声音响；立体声装置  n./a. 立体声 ( 的 ) 
2117,"stern a. 严厉的 ; 坚决的 , 坚定的  n. 船尾 , 舟尾  "
2118,steward n. 乘务员，服务员；看管人；膳食管理员  
2119,"stick n. 棍 , 棒 , 手杖  v. 刺 , 戳 , 扎 ; 粘贴  "
2120,"stiff a. 硬的 , 僵直的 ; 拘谨的 ; 呆板的 ; 艰难的  "
2121,"stimulate v. 刺激 , 使兴奋 ; 激励 , 鼓舞  "
2122,"sting v. /n. 刺 , 刺痛 , 剧痛 ; 刺 , 叮  "
2123,"stir v. 搅拌 , 搅动 ; 动 , 摇动 ; 激动 ; 轰动 ; 煽动 , 鼓动  "
2124,stitch n. 一针； ( 因跑步引起的 ) 肋部剧痛  v. 缝 ( 合 ) 
2125,"stoop v. 弯腰 , 俯身  n. 弯腰 , 曲背  "
2126,"storey n.(story) 楼 , 层  "
2127,"stove n. 炉子 , 火炉  "
2128,"straightforward a. 正直的 ; 简单的 , 易懂的  ad. 坦率地  "
2129,strain v. 拉紧 ; 紧张 ; 扭伤 ; 竭尽全力  n. 拉紧 ; 负担  
2130,strap n. 皮带，带子 v. 用带扣住，束牢；用绷带包扎
2131,"straw n. 稻草 , 麦杆 ; 吸管  "
2132,streamline a. 流线型的  vt. 使成流线型；使合理化  
2133,strenuous a. 费力的，艰辛的；奋发的，努力的  
2134,stride vi. 大踏步走；跨越  n. 一大步 (pl.) 长足进步  
2135,strife n. 争吵；冲突，斗争；竞争  
2136,strike n./vi. 罢工  vt. 打，击；攻击；给 … 深刻印象  
2137,striking a. 显著的；惹人注目的，容貌出众的  
2138,"string n. 弦 , 线 , 细绳 ;( 一串 ),( 一行 ) v. 缚 , 捆  "
2139,"strip v. 剥 , 剥去  n. 窄条 , 条纹  "
2140,stripe n. 长条，条纹；军服上表示军阶的臂章条纹  
2141,"strive v. 奋斗 , 努力  "
2142,stroke n. 击 ; 报时的钟声 ; 一击 / 划 / 笔 ; 中风  v. 抚摸  
2143,stroll n.&v. 漫步；散步；游荡  
2144,"stubborn a. 顽固的 , 倔强的 ; 难对付的 , 难以克服的  "
2145,studio n. 画室 ; 播音室 ;( 电影 ) 制片厂  
2146,stumble n. 跌倒，绊倒  vi. 绊 ( 摔 ) 倒；结结巴巴说  
2147,stun vt. 使 … 失去知觉；使目瞪口呆，使吃惊  
2148,sturdy a. 坚定的，不屈不挠的；强健的，结实的  
2149,subjective a. 主观 ( 上 ) 的，个人的  
2150,"submarine n. 潜水艇  a. 水底的 , 海底的  "
2151,"submerge v. 沉没 , 淹没 ; 潜入  "
2152,"subordinate a.(to) 次要的 , 从属的 ; 下级的  "
2153,subscribe vi.(to) 订阅，订购；同意 vt. 捐助，赞助  
2154,"subsequent a. 随后的 , 后来的  "
2155,"substitute n. 代替者；替身；代用品  v.(for) 代替 , 替换  "
2156,"subtle a. 精巧的 , 巧妙的 ; 细微的 , 微妙的  "
2157,subtract v. (from) 减 ( 去 ) 
2158,"succession n. 连续 , 系列 ; 继任 , 继承  "
2159,"successive a. 接连的 , 连续的  "
2160,successor n. 接替的人或事物，继任者  
2161,"sue v. 控告 , 对 … 提出诉讼 , 起诉  "
2162,suite n. 套间；一套家具；套，组，系列  
2163,"summarize v.(summarise) 概括 , 总结  "
2164,"summary n. 摘要 , 概要  a. 概括的 , 简略的  "
2165,summit n. 顶，最高点；颠峰，高峰；最高级会议  
2166,"summon v. 召唤 ; 传讯 , 传唤 ; 鼓起 ( 勇气 ), 振作 ( 精神 ) "
2167,sunrise n. 日出，拂晓；朝霞  
2168,sunset n. 日落，傍晚；晚霞  
2169,"superb a. 极好的 , 杰出的；华丽的；  "
2170,"superficial a. 表面的 ; 肤浅的 , 浅薄的  "
2171,superfluous a. 多余的，过剩的，  
2172,"superior a. 优良的 , 卓越的 ; 上级的  n. 上级 ; 长者 ; 高手  "
2173,superiority n. 优越 ( 性 ) ，优势，优等；高傲，傲慢  
2174,"supersonic a. 超音速的 , 超声波的  n. 超声波，超声频  "
2175,superstition n. 迷信，迷信的观念习俗  
2176,"supplement n. 补遗 ; 增刊 ; 附录  v. 增刊 , 补充  "
2177,"suppress v. 镇压 , 压制 ; 抑制 , 忍住 ; 查禁  "
2178,"supreme a. 极度的 , 最重要的 ; 至高的 , 最高的  "
2179,surge vi. 汹涌；彭湃；蜂拥而至  n. 巨浪 ; 汹涌 ; 彭湃  
2180,"surgery n. 外科 , 外科学 ; 手术室 , 诊疗室  "
2181,surname n. 姓  
2182,"surpass vt. 超过 , 胜过  "
2183,"surplus n. 过剩 , 剩余；余款 , 余额  a. 过剩的 , 剩余的  "
2184,"survey v. /n. 俯瞰 , 眺望 ; 全面审视 , 调查 ; 测量图 , 勘定  "
2185,susceptible a. 易受影响的 ; 易受感动的 ; 易受感染的  
2186,suspend v. 悬 ( 浮 ) ，挂；暂停，取消；推迟  
2187,suspicion n. 怀疑，猜疑；一点儿，少量  
2188,"suspicious a.(of) 可疑的 , 多疑的 , 疑心的  "
2189,swamp n. 沼泽；湿地  vt. 浸没；使 … 应接不暇  
2190,swan n. 天鹅  vi. 闲荡，游荡  
2191,swarm n. 蜂群 ; 一大群  vi. 涌往 ; 挤满 ; 云集 ; 成群移动  
2192,sway vi. 摇动；倾斜  vt. 使摇动  n. 摇动；影响力  
2193,"sweater n. 毛衣 , 绒衣 , 厚运动衫  "
2194,"sweep v. 扫 , 打扫 ; 席卷 , 冲光 ; 扫过 , 掠过  "
2195,swell n./v. 肿胀 ; 膨胀 ; 增大 ; 增加 ; 
2196,swift a./ad. 快的 ( 地 ); 敏捷的 ( 地 )a. 立刻的 n. 雨燕  
2197,"swing v. 摇摆 , 摇荡 , 回转 , 旋转  n. 秋千 ; 摇摆 , 摆动  "
2198,sword n. 剑，刀；武力  
2199,"symmetry n. 对称 ( 性 ); 匀称 , 整齐  "
2200,sympathetic a. 有同情心的；赞同的； n. 交感神经  
2201,"sympathize v.(sympathise)(with) 同情 ; 共鸣 , 同感 ; 赞成  "
2202,sympathy n. 同情，同情心；赞同，同感；慰问  
2203,"symphony n. 交响乐 , 交响曲  "
2204,"symposium n. 讨论会 , 专题报告会 ; 专题论文集  "
2205,syndrome n. 综合病征；并存特性  
2206,"synthesis n.(pl.syntheses) 综合 , 合成  "
2207,"synthetic a. 合成的 , 人造的 ; 综合的  "
2208,"systematic a.(systematical) 系统的 , 有组织的  "
2209,"tablet n. 药片 ; 碑 , 匾  "
2210,"tackle n. 滑车 ; 用具 , 器械  v. 处理 , 解决 ; 抱住 , 抓住  "
2211,"tactic n.(tactics) 策略 , 战术  "
2212,"tame a. 驯服的 , 温顺的 ; 沉闷的 , 乏味的  vt. 驯服  "
2213,tan n./a.( 皮肤因日晒而成 ) 棕褐色 ( 的 ) vt. 晒黑  
2214,tangle n. 纠缠；缠结；混乱  v.( 使 ) 缠绕；变乱  
2215,"tank n. 罐 , 槽 , 箱；坦克  vt. 储于槽中  "
2216,tanker n. 油船  
2217,"tap n. 塞子 ; 水龙头 ; n./v. 轻打 , 轻敲 ; vt. 开发  "
2218,tar n. 柏油，焦油  vt. 涂或浇柏油 / 焦油于  
2219,"tariff n. 关税 , 税率 ;( 旅馆 , 饭店等 ) 价目表 , 收费表  "
2220,"tease v. 戏弄 , 取笑 ; 挑逗  n.( 爱 ) 戏弄他人者 ; 戏弄  "
2221,"technician n. 技术员 , 技师 , 技工  "
2222,technique n. 技巧，手艺，技能；技术，工艺  
2223,"telegraph n. 电报机 , 电报  v. 打电报 , 发电报  "
2224,temperament n. 气质，性格，性情；资质  
2225,"tempo n. 节奏 , 行进速度 ;( 音乐的 ) 速度  "
2226,"tempt v. 诱惑 , 引诱 ; 吸引 , 使感兴趣  "
2227,temptation n. 引诱，诱惑；诱惑物  
2228,tenant n. 承租人 ; 房客 ; 佃户  vt. 租借，承租  
2229,"tender a. 嫩的 ; 敏感的 ; 温柔的  v. 提出 , 提供 ; 投标  "
2230,tennis n. 网球  
2231,tense n. 时态  v. 拉紧， ( 使 ) 紧张  a. 绷紧的，紧张的  
2232,tension n.( 紧张 ) 状态；拉 ( 绷 ) 紧；张力，拉力  
2233,tent n. 帐篷  
2234,tentative a. 试探性的，暂时的；犹豫不决的  
2235,terminal a. 晚期的 ; 终点的 ; 期末的  n. 终点 ( 站 ); 终端  
2236,terminate vi.( 使 ) 结束， ( 使 ) 停止  
2237,testify v. 作证，证明； (to) 表明，说明  
2238,"testimony n. 证据 , 证词 ; 表明 , 说明  "
2239,textile n. 纺织品  a. 纺织的  
2240,texture n.( 织物 ) 质地； ( 材料 ) 构造；结构；肌理  
2241,theater n.(theatre) 戏院 ; 戏剧 ; 阶梯教室  
2242,theft n. 偷窃 ( 行为 ) ，偷窃罪  
2243,theoretical a. 理论 ( 上 ) 的  
2244,therapy n. 治疗， ( 不需要药物或手术的 ) 物理疗法  
2245,"thereafter ad. 此后 , 以后  "
2246,"thermal a. 热的 , 热力的； ( 小规模的 ) 上升气流  "
2247,thermometer n. 温度计  
2248,thesis n.(pl.theses)  论文 ; 论题 ; 论点  
2249,thick a. 厚的，粗的，稠的，浓的  ad. 厚，浓，密  
2250,thigh n. 大腿；股骨  
2251,"thorn n. 刺 , 荆棘  "
2252,"thorough a. 彻底的 , 完全的 ; 精心的  "
2253,"thread n. 线 , 细丝 ; 线索 , 思路 ; 螺纹  v. 穿线 , 穿过  "
2254,"threshold n. 门槛 ; 入门 , 开端  "
2255,thrift a. 节约，节俭  
2256,thrill n. 一阵激动 ( 恐惧 ) v. 激动； ( 使 ) 毛骨悚然  
2257,"thrive v. 兴旺 , 繁荣  "
2258,"throat n. 咽喉 , 嗓子  "
2259,throne n. 御座，宝座；王位，王权  
2260,through prep./ad. 穿过；自始至终；由，以  a. 直达的  
2261,throughout prep. 遍及，贯穿  ad. 到处，自始至终，彻底  
2262,thrust vt. 插入；猛推  n. 插，推力  vi. 刺，戳，冲  
2263,"thunder n. 雷 ( 声 ); 轰隆声  v. 打雷 ; 大声说 , 吼叫  "
2264,"tide n. 潮 , 潮汐 ; 潮流 , 趋势  "
2265,"tile n. 瓦片 , 瓷砖  vt. 铺瓦于，贴砖于  "
2266,tilt v.( 使 ) 倾侧； ( 使 ) 倾斜  n. 倾侧；倾斜  
2267,"timber n. 木材 , 木料  "
2268,"timid a. 胆怯的 , 怯懦的  "
2269,tin n. 罐头；锡  a. 锡制的  vt. 镀锡于  
2270,tip n. 尖端 ; 末端 ; 小费  n./v. 轻击 ; 倾斜 ; 给小费  
2271,"tire v.( 使 ) 疲倦 ,( 使 ) 厌倦  n.(=tyre) 轮胎 , 车胎  "
2272,"tiresome a. 使人厌倦的 , 讨厌的  "
2273,"tissue n. 织物 , 薄绢 , 纸巾 ;( 动 , 植物的 ) 组织  "
2274,"toe n. 脚趾 , 足尖  "
2275,token n. 表示 ; 标志 ; 记号 ; 代用硬币  a. 象征性的  
2276,toll n.( 道路、桥等的 ) 通行费；牺牲；死伤人数  
2277,"tomb n. 坟 , 冢  "
2278,"tone n. 音调 , 音色 ; 风气 , 气氛 ; 腔调 , 语气 ; 色调  "
2279,"torch n. 手电筒 ; 火炬 , 火把  "
2280,torment n. 折磨；令人痛苦的东西 ( 人 )vt. 折磨；纠缠  
2281,torrent n. 激流，洪流；爆发， ( 话语等的 ) 连发  
2282,"torture v. 拷问 , 拷打 ; 折磨 , 磨难  n. 拷问 ; 折磨 , 痛苦  "
2283,toss vt. 向上掷 / 扔；摇摆，颠簸  n. 投，扔；摇动  
2284,"tough a. 坚韧的 , 棘手的 ; 强健的 , 吃苦耐劳的 ; 粗暴的  "
2285,tour n. 旅游，旅行；巡回演出 / 比赛  v. 旅游  
2286,"tow vt.( 用绳、链等 ) 拖 ( 车、船等 ) n. 拖 , 牵引  "
2287,toxic a. 有毒的；中毒的  
2288,"trace n. 痕迹 , 踪迹 ; 极少量  v. 描绘 ; 跟踪 , 追踪  "
2289,"track n. 跑道 , 小路 ; 轨迹 , 轮迹  v. 跟踪 , 追踪  "
2290,trademark n. 商标；特征  vt. 注册的 … 商标  
2291,"tragedy n. 悲剧 ; 惨事 , 灾难  "
2292,"tragic a. 悲剧的 , 悲惨的  "
2293,"trail n. 踪迹 , 痕迹 ; 小路  v. 追踪 , 跟踪 ; 拖 , 拖曳 ; "
2294,"train v. 训练 , 培养  "
2295,"training n. 训练 , 培养  "
2296,"trait n. 特征 , 特点 , 特性  "
2297,"traitor n. 叛徒 , 卖国贼  "
2298,tram n. 有轨电车  
2299,tramp n./v 步行 ; 沉重的脚步声 ( 走 )v. 践踏 n. 流浪者  
2300,"transaction n. 办理 , 处理 ; 交易 , 事务 ;(pl.) 会报 , 学报  "
2301,"transcend vt. 超出 , 超越 ( 经验、知识、能力的范围等 ) "
2302,transfer vt./n. 转移；转换；转让；过户；迁移；改乘  
2303,"transform vt. 改变 , 变换 ; 变压 ; 转化 ; 改造 , 改造  "
2304,transient a. 短暂的，转瞬即逝的；临时的，暂住的  
2305,transition n. 转变，变迁，过渡 ( 时期 ) 
2306,translate v. 翻译，解释；转化，  
2307,"translation n. 翻译 ; 译文 , 译本  "
2308,"transmission n. 播送 , 发射 ; 传动 , 传送  "
2309,transmit vt. 传输 / 导；转送；发射  vi. 发射信号；发报  
2310,transparent a. 透明的，透光的；易理解的；明显的  
2311,"transplant n./v. 移植 ( 植物；组织 , 器官等 ) ；迁移；  "
2312,"transport v. 运输 , 运送 , 搬运 n. 运输 ; 运输系统 , 运载工具  "
2313,trap n. 陷阱，圈套  vt. 诱捕；使中圈套  vi. 设圈套  
2314,trash n. 垃圾；拙劣的作品；渣滓，败类  
2315,"tray n. 盘 , 碟 , 托盘  "
2316,"treason n. 谋反 , 通敌 , 叛国  "
2317,treaty n. 条约，协议，协商  
2318,"tremble n. 战栗 , 颤抖  v. 发抖 , 颤抖；摇动；焦虑  "
2319,"tremendous a. 巨大的 , 极大的  "
2320,trench n.&v.( 挖 ) 沟， ( 挖 ) 战壕  
2321,trial n. 讯问，审讯；试验；试用；尝试  
2322,triangle n. 三角 ( 形 ) 
2323,tribe n. 种族，部落； ( 植物，动物 ) 族，类  
2324,"tribute n. 贡品 ; 颂词 , 称赞 ,( 表示敬意的 ) 礼物  "
2325,"trick n. 诡计 , 骗局 ; 恶作剧 ; 窍门  vt. 欺骗 , 哄骗  "
2326,"trifle n. 少量；小事 , 琐事  v. 玩弄；嬉耍；忽视  "
2327,trigger n. 扳机  vt. 触发，引起  
2328,"trim a. 整齐的 , 整洁的  v. /n. 整理 , 修整 , 装饰  "
2329,triple n. 三倍数  a. 三倍的 ; 三部分构成的 v. 使成三倍  
2330,"triumph n. 胜利 , 成功  v. 得胜 , 战胜  "
2331,trivial a. 琐碎的 ; 无足轻重的  
2332,"trolley n. 手推车 ;( 英 ) 无轨电车 ,( 美 ) 有轨电车  "
2333,"troop n.(pl.) 部队 , 军队 ;( 一 ) 群 / 队  v. 群集 , 集合  "
2334,tropic n. 回归线； [the t-s] 热带地区  
2335,tropical a. 热带的  
2336,"trumpet n. 喇叭 , 小号  "
2337,"trunk n. 大衣箱 , 皮箱 ;( 汽车后部 ) 行李箱 ; 树干 , 躯干  "
2338,"tub n. 木盆 , 澡盆  "
2339,"tube n. 管 , 软管 ; 电子管 , 显像管 ; 地铁  "
2340,tuck v. 卷起 ; 塞进  
2341,tug v. 用力拖 ( 或拉 ) ；苦干  n. 拖；苦干；拖船  
2342,tuition n. 学费； ( 某一学科的 ) 教学，讲授，指导  
2343,"tumble v.( 使 ) 摔倒 ; 打滚 , 翻腾  n. 摔跤 , 跌倒  "
2344,tumour n.(tumor)( 肿 ) 瘤，肿块  
2345,"tune n. 调子 , 曲调 ; 和谐 , 协调  vt. 调音 , 调节 , 调整  "
2346,"tunnel n. 隧道 , 山洞  "
2347,"turbine n. 汽轮机 , 涡轮机  "
2348,"turbulent a. 狂暴的 , 无秩序的  "
2349,turnover n. 翻倒 ( 物 ); 人员调整 ;( 资金等 ) 周转 ; 营业额  
2350,tutor n. 导师 ; 家庭教师  v. 辅导 ; 当导师 ; 当家庭教师  
2351,twinkle vi.( 星等 ) 闪烁， ( 眼情 ) 发亮  n. 闪烁，闪光  
2352,twist v. 捻 ; 拧 ; 扭曲 ; 蜿蜒曲折而行  n. 拧 ; 歪曲 ; 曲折  
2353,typist n. 打字员  
2354,"ultimate a. 最后的 , 最终的 ; 根本的  "
2355,ultraviolet a./n. 紫外线 ( 的 ) 
2356,"unanimous a. 全体一致的 , 一致同意的  "
2357,underestimate vt. 低估，看轻  
2358,"undergo vt. 遭受 , 经历 , 承受  "
2359,"undergraduate n. 大学生 , 大学肆业生  "
2360,underground a. 地下的 ; 秘密的  n. 地铁  ad. 在地下  
2361,"underlie vt. 位于 ... 之下 ,  成为 ... 的基础  "
2362,"underlying a. 含蓄的 , 潜在的 ; 在下面的  "
2363,"undermine v. 暗中破坏 , 逐渐削弱 ; 侵蚀 … 的基础  "
2364,"underneath prep. 在 … 下面  ad. 在下面 , 在底下  "
2365,"undertake v. 承担 , 担任 ; 许诺 , 保证 ; 着手 , 从事  "
2366,"undo v. 松开 , 解开  "
2367,"uniform n. 制服 , 军服  a. 相同的 , 一律的  "
2368,"unify v. 使联合 , 统一 ; 使相同 , 使一致  "
2369,"unite vi. 联合 , 团结 ; 统一 , 合并 vt. 使联合  "
2370,"unity n. 团结 ; 统一 , 一致 , 整体  "
2371,"universal a. 普遍的 , 全体的 , 通用的 ; 宇宙的 , 世界的  "
2372,unload vi. 卸货 ; 退子弹  vt. 摆脱 ... 之负担 ; 倾销  
2373,"unusual a. 不平常的 , 与众不同的  "
2374,"upgrade v. 提升 , 使升级  "
2375,"uphold vt. 支持 , 赞成 ; 举起 ; 坚持  "
2376,"upright a. 垂直的 , 直立的 ; 正直的 , 诚实的  ad. 竖立着  "
2377,"uproar n. 骚动 , 喧嚣 , 鼎沸  "
2378,upstairs ad. 向楼上 ; 在楼上 ; 上楼  ad. 楼上的  
2379,up-to-date a. 现代化的，最新的；跟上时代的  
2380,"urge vt. 催促 ; 怂恿 ; 强调  n. 强烈欲望 , 迫切要求  "
2381,urgent a. 急迫的，紧要的，紧急的  
2382,utilize vt. 利用  
2383,"utmost a. 最远的 ; 极度的  n. 极限 , 极度 , 最大可能  "
2384,"utter v. 说 , 发出 ( 声音 ) a. 彻底的 , 完全的  "
2385,"vacant a. 空的 , 未占用的 ; 空缺的 ; 神情茫然的  "
2386,"vacuum n. 真空 , 真空吸尘器  "
2387,"vague a. 不明确的 , 含糊的 , 暧昧的  "
2388,valid a. 有效的 ; 有根据的 ; 正当的  
2389,"valve n. 阀 ;( 英 ) 电子管 , 真空管 ;( 心脏的）瓣膜  "
2390,van n. 有篷汽车 ; 有篷货运车厢  
2391,"vanity n. 虚荣心 , 浮华  "
2392,vapour n.(vapor) 汽， ( 水 ) 蒸气  
2393,variable a. 易变的 ; 可变的 ; 变量的  n. 变量  
2394,"variation n. 变化 , 变动 ; 变种 , 变异  "
2395,various a. 各种各样的 ; 不同的  
2396,"vary vt. 改变 , 变化 ; 使多样化  "
2397,"vase n. 花瓶 , 瓶  "
2398,"vegetation n. 植物 , 草木  "
2399,"veil n. 面纱 , 遮蔽物  v. 用面纱掩盖 , 掩饰  "
2400,vein n. 血管 ; 静脉 ; 叶脉 ; 纹理 ; 情绪  vt. 使成脉络  
2401,"velocity n. 速度 , 速率  "
2402,"velvet n. 丝绒 , 天鹅绒  a. 丝绒制的 , 柔软的  "
2403,ventilate vt. 使通风 ; 给 … 装通风设备  
2404,verb n. 动词  
2405,"verbal a. 用言辞的 , 用文字的 ; 口头的 ; 动词的  "
2406,"verdict n.( 陪审团的 ) 裁决 , 判决；判断；定论  "
2407,"verge n. 边 , 边缘  v. 濒临  "
2408,"verify vt. 证实 , 查证 ; 证明  "
2409,"versatile a. 通用的 ; 多才多艺的 , 多方面的  "
2410,"verse n. 韵文 , 诗 ; 诗节 , 诗句  "
2411,"versus prep.(vs.)… 对 …( 在诉讼 , 比赛等 ); 与 … 相对  "
2412,"vertical a. 垂直的 , 竖的  n. 垂线  "
2413,"vessel n. 容器 , 器皿 ; 船 , 舰 ; 管 , 血管  "
2414,"vest n. 背心 , 马甲 ; 汗衫 , 内衣  "
2415,"veteran n. 老手 , 老兵  "
2416,veto n./v. 否决  
2417,via prep. 经；通过；凭借  
2418,"vibrate v.( 使 ) 振动 ,( 使 ) 摇摆；受 … 而感动  "
2419,"vice n. 邪恶 ; 恶习 ;(pl.) 台钳 , 老虎钳  "
2420,"vicinity n. 邻近 , 附近  "
2421,"vicious a. 恶毒的 , 凶残的 , 邪恶的  "
2422,view n. 视野 ; 风景 ; 观察 ; 见解 ; 照片  vt. 观察 ; 认为  
2423,viewpoint n. 观点  
2424,"vigorous a. 朝气蓬勃的 , 精力旺盛的  "
2425,vinegar n. 醋  
2426,violate vt. 违背 ; 冒犯 ; 妨碍 ; 侵犯 ; 亵渎 ( 圣物 ) 
2427,"violet n. 紫罗兰 , 紫色  a. 紫色的  "
2428,violin n. 小提琴  
2429,virgin n. 处女  a. 处女的 ; 纯洁的 ; 原始的 ; 未使用的  
2430,"virtual a. 实际上的 , 事实上的  "
2431,"virtue n. 德行 , 美德 ; 贞操 ; 优点 ; 功效 , 效力  "
2432,visa n.( 护照等的 ) 签证 ; 维萨信用卡  vt. 签证  
2433,"visual a. 看的 , 看得见的 ; 视觉的  "
2434,"vital a. 生死攸关的 , 重大的 ; 生命的 , 生机的  "
2435,vitamin n. 维生素  
2436,"vivid a. 鲜艳的 ; 生动的 , 栩栩如生的  "
2437,vocation n. 职业 ; 召唤 ; 天命 ; 天职 ; 才能  
2438,void a. 空虚的 ; 没有的 ; 无效的  
2439,"volume n. 容积 , 体积 ; 卷 , 册 ; 音量  "
2440,"vote n. 投票 , 表决 ; 选票 , 选票数  v. 投票 , 表决  "
2441,vulgar a. 粗俗的，庸俗的，本土的，通俗的，普通的
2442,vulnerable a. 易受攻击的  
2443,"wagon n. 运货马车 , 运货车 ; 敞蓬车厢  "
2444,"wander v. 漫步 , 徘徊 ; 迷路 , 迷失方向 ; 离题  "
2445,ward n. 病房 ; 行政区 ; 监护 ; 被监护人  vt. 挡住  
2446,"wardrobe n. 衣柜 , 衣厨 ; 衣服 ; 行头 ; 剧装  "
2447,"warehouse n. 仓库 , 货栈  "
2448,warfare n. 战争 ( 状态 ); 斗争 ; 冲突  
2449,"warrant n. 正当理由 ; 许可证 , 委任状  v. 保证 , 担保  "
2450,waterfall n. 瀑布  
2451,"waterproof a. 防水的 , 耐水的  "
2452,"wave n. 波浪 ;( 挥手 ) 示意 ; 飘扬  v.( 挥手 ) 示意 , 致意  "
2453,"wax n. 蜡 , 蜂蜡  v. 打蜡  "
2454,"weary a. 疲倦的 ; 令人厌烦的  v. 使疲倦 , 使厌倦  "
2455,weave v. 编 ( 织 ) n. 编织法，编织式样  
2456,"wedge n. 楔 , 楔形  vt. 楔牢 , 楔入 , 挤进  "
2457,"weep v. 哭泣 , 流泪 ; 滴下  n. 哭泣  "
2458,"weld v. 焊接  n. 焊接 , 焊缝  "
2459,whatsoever ad.( 用于否定句中以加强语气 ) 任何  
2460,wheat n. 小麦  
2461,"wheel n. 轮 , 车轮  "
2462,"whereas conj. 而 , 却 , 反之  "
2463,"whip n. 鞭子 ; 车夫  v. 鞭打 , 抽打 ; 突然移动  "
2464,"whirl v.( 使 ) 旋转 , 打转  n. 旋转 ;- 连串快速的活动  "
2465,whisky n. 威士忌酒  
2466,"whistle n. 口哨 , 汽笛 ; 口哨声 , 汽笛声  v. 吹口哨 ; 鸣笛  "
2467,"wholly ad. 完全地 , 全部 , 一概  "
2468,wicked a. 坏的 ; 邪恶的 ; 不道德的 ; 恶劣的 ; 淘气的  
2469,wide a. 宽阔的 ; 睁大的 ; 远离的  ad. 广阔地 ; 偏差地  
2470,widow n. 寡妇  
2471,wink v.( 使 ) 眨眼；眨眼示意  n. 眨眼；小睡，打盹  
2472,"wipe v. /n. 擦 , 揩 , 抹  "
2473,"wire n. 金属线 , 电线 ; 电报 , 电信  v. 发电报 ( 给 ) "
2474,"wit n. 智力 , 才智 , 智慧  "
2475,withhold vt. 使停止 ; 拒给 ; 保留 ; 抑制  vi. 忍住  
2476,"withstand vt. 抵抗 , 经受住  "
2477,wooden a. 木制的 ; 呆笨的  
2478,"wool n. 羊毛 , 毛线 , 毛织品  "
2479,"worship n. 礼拜 , 礼拜仪式 ; 崇拜  v. 崇拜 , 敬仰 ; 做礼拜  "
2480,"wrap v. 裹 , 缠 , 卷 , 包  n. 披肩 , 围巾  "
2481,"wreath n. 花环 , 花圈  "
2482,"wreck n. 失事船 ( 或飞机 )v.( 船等 ) 失事 , 遇难 ; 破坏  "
2483,wrench v. 猛拧；挣脱；使扭伤  n. 扳手；痛苦，难受  
2484,wretched a. 可怜的 ; 悲惨的 ; 肮脏的 ; 恶劣的  
2485,"wrist n. 腕 , 腕关节  "
2486,yawn v. 打呵欠  n. 呵欠  
2487,"yield v. 出产 , 生长 ;(to) 屈服 , 服从  n. 产量 , 收获  "
2488,youngster n. 小伙子，年轻人；少年，儿童  
2489,zeal n. 热心，热忱，热情  
2490,zoom vi.( 飞机 ) 陡升  n. 陡升；嗡嗡声  
